title,product_slug,product_title
CSWS-8-10 - Ilsco,98001,98001
CSWS-6-14 - Ilsco,98004,98004
YA8CL1-BOX - Burndy,98002,98002
CSWS-8-14 - Ilsco,98002,98002
YA8CL2-BOX - Burndy,98002a,98002A
CSWS-8-516 - Ilsco,98002a,98002A
YA8CL3-BOX - Burndy,98002b,98002B
CSWS-8-38 - Ilsco,98002b,98002B
YA6CL1-BOX - Burndy,98003,98003
CSWS-6-10 - Ilsco,98003,98003
YA6CL-BOX - Burndy,98004,98004
YA6CL3-BOX - Burndy,98005,98005
CSWS-6-516 - Ilsco,98005,98005
YA8CL-BOX - Burndy,98001,98001
YA6CL4-BOX - Burndy,98005a,98005A
CSWS-6-38 - Ilsco,98005a,98005A
YA4CL1-BOX - Burndy,98006,98006
CSWS-4-10 - Ilsco,98006,98006
YA4CL-BOX - Burndy,98008,98008
CSWS-4-14 - Ilsco,98008,98008
YA4CL3-BOX - Burndy,98009,98009
CSWS-4-516 - Ilsco,98009,98009
YA4CL4-BOX - Burndy,98010,98010
CSWS-4-38 - Ilsco,98010,98010
YA4CL6-BOX - Burndy,98010a,98010A
CSWS-4-12 - Ilsco,98010a,98010A
CSWS-3-14 - Ilsco,98010b,98010B
YA3CL - Burndy,98010c,98010C
CSWS-3-516 - Ilsco,98010c,98010C
CSWS-3-38 - Ilsco,98010d,98010D
CSWS-3-12 - Ilsco,98010e,98010E
YA2CL2-BOX - Burndy,98011,98011
CSWS-2-14 - Ilsco,98011,98011
YA2CL-BOX - Burndy,98012,98012
CSWS-2-516 - Ilsco,98012,98012
YA2CL4-BOX - Burndy,98013,98013
CSWS-2-38 - Ilsco,98013,98013
YA2CL6-BOX - Burndy,98013a,98013A
CSWS-2-12 - Ilsco,98013a,98013A
YA1CL2-BOX - Burndy,98014,98014
CSWS-1-14 - Ilsco,98014,98014
YA1CL-BOX - Burndy,98015,98015
CSWS-1-516 - Ilsco,98015,98015
YA1CL4-BOX - Burndy,98016,98016
CSWS-1-38 - Ilsco,98016,98016
YA1CL6-BOX - Burndy,98016a,98016A
CSWS-1-12 - Ilsco,98016a,98016A
YA25L2-BOX - Burndy,98017,98017
CSWS-1/0-14 - Ilsco,98017,98017
YA25L-BOX - Burndy,98018,98018
CSWS-1/0-516 - Ilsco,98018,98018
YA25L4-BOX - Burndy,98019,98019
CSWS-1/0-38 - Ilsco,98019,98019
YA25L6-BOX - Burndy,98019a,98019A
CSWS-1/0-12 - Ilsco,98019a,98019A
YA26L2-BOX - Burndy,98020,98020
YA26L-BOX - Burndy,98021,98021
CSWS-2/0-516 - Ilsco,98021,98021
YA26L4-BOX - Burndy,98022,98022
CSWS-2/0-38 - Ilsco,98022,98022
YA26L6-BOX - Burndy,98023,98023
CSWS-2/0-12 - Ilsco,98023,98023
CSWS-3/0-14 - Ilsco,98024,98024
YA27L3 - Burndy,98025,98025
CSWS-3/0-516 - Ilsco,98025,98025
YA27L4-BOX - Burndy,98026,98026
CSWS-3/0-38 - Ilsco,98026,98026
YA27L4-BOX - Burndy,98027,98027
CSWS-3/0-12 - Ilsco,98027,98027
YA28L2 - Burndy,98028,98028
CSWS-4/0-14 - Ilsco,98028,98028
YA28L3 - Burndy,98029,98029
CSWS-4/0-516 - Ilsco,98029,98029
YA28L4-BOX - Burndy,98030,98030
CSWS-4/0-38 - Ilsco,98030,98030
YA28L-BOX - Burndy,98031,98031
CSWS-4/0-12 - Ilsco,98031,98031
YA29L4 - Burndy,98032,98032
CSWS-250-38 - Ilsco,98032,98032
YA29L-BOX - Burndy,98033,98033
CSWS-250-12 - Ilsco,98033,98033
YA30L - Burndy,98034,98034
CSWS-300-12 - Ilsco,98034,98034
YA30L7 - Burndy,98035,98035
CSWS-300-58 - Ilsco,98035,98035
YA30L24 - Burndy,98036a,98036A
CSWS-300-38 - Ilsco,98036a,98036A
YA31L - Burndy,98036,98036
CSWS-350-12 - Ilsco,98036,98036
YA31L7 - Burndy,98037,98037
CSWS-350-58 - Ilsco,98037,98037
YA32LN - Burndy,98038,98038
CSWS-400-12 - Ilsco,98038,98038
YA32L - Burndy,98039,98039
CSWS-400-58 - Ilsco,98039,98039
YA34L6 - Burndy,98040,98040
CSWS-500-12 - Ilsco,98040,98040
YA34L - Burndy,98041,98041
CSWS-500-58 - Ilsco,98041,98041
YA36L - Burndy,98042,98042
CSWS-600-58 - Ilsco,98042,98042
YA36L11 - Burndy,98042a,98042A
CSWS-600-12 - Ilsco,98042a,98042A
YA38L - Burndy,98042b,98042B
CSWS-700-58 - Ilsco,98042b,98042B
CSWS-700-12 - Ilsco,98042c,98042C
YA39L - Burndy,98043,98043
CSWS-750-58 - Ilsco,98043,98043
YA39L6 - Burndy,98043a,98043A
CSWS-750-12 - Ilsco,98043a,98043A
YA44L - Burndy,98043b,98043B
CSWS-1000-58 - Ilsco,98043b,98043B
YA44L2 - Burndy,98043c,98043C
CSWS-1000-12 - Ilsco,98043c,98043C
YA8CTC14 - Burndy,98064,98064
CLNS-8-14 - Ilsco,98064,98064
YA8CTC10 - Burndy,98064a,98064A
CLNS-8-10 - Ilsco,98064a,98064A
YA8CTC38 - Burndy,98064b,98064B
CLNS-8-38 - Ilsco,98064b,98064B
YA6C - Burndy,98065,98065
CLNS-6-14 - Ilsco,98065,98065
YA6CTC38 - Burndy,98065a,98065A
CLNS-6-38 - Ilsco,98065a,98065A
YA6CTC516 - Burndy,98065b,98065B
CLNS-6-516 - Ilsco,98065b,98065B
YA6CTC10 - Burndy,98065c,98065C
CLNS-6-10 - Ilsco,98065c,98065C
YA4C - Burndy,98066,98066
CLNS-4-14 - Ilsco,98066,98066
YA4CTC38 - Burndy,98066a,98066A
CLNS-4-38 - Ilsco,98066a,98066A
CLNS-4-516 - Ilsco,98066b,98066B
YA4CTC10 - Burndy,98066c,98066C
CLNS-4-10 - Ilsco,98066c,98066C
CLNS-3-10 - Ilsco,98066d,98066D
YA3CTC14 - Burndy,98066e,98066E
CLNS-3-14 - Ilsco,98066e,98066E
YA3C - Burndy,98066f,98066F
CLNS-3-516 - Ilsco,98066f,98066F
YA3CTC38 - Burndy,98066g,98066G
CLNS-3-38 - Ilsco,98066g,98066G
YA2C - Burndy,98067,98067
CLNS-2-516 - Ilsco,98067,98067
YA2CTC38 - Burndy,98067a,98067A
CLNS-2-38 - Ilsco,98067a,98067A
YA2CTC14 - Burndy,98067b,98067B
CLNS-2-14 - Ilsco,98067b,98067B
YA2CTC10 - Burndy,98067c,98067C
CLNS-2-10 - Ilsco,98067c,98067C
YA1C - Burndy,98068,98068
CLNS-1-516 - Ilsco,98068,98068
YA1CTC38 - Burndy,98068a,98068A
CLNS-1-38 - Ilsco,98068a,98068A
YA1CTC10 - Burndy,98068b,98068B
CLNS-1-10 - Ilsco,98068b,98068B
YA25 - Burndy,98069,98069
CLNS-1/0-516 - Ilsco,98069,98069
YA25TC10 - Burndy,98069a,98069A
CLNS-1/0-10 - Ilsco,98069a,98069A
YA25TC14 - Burndy,98069b,98069B
CLNS-1/0-14 - Ilsco,98069b,98069B
YA25TC38 - Burndy,98070,98070
CLNS-1/0-38 - Ilsco,98070,98070
YA25N - Burndy,98070a,98070A
CLNS-1/0-12 - Ilsco,98070a,98070A
YA26 - Burndy,98071,98071
CLNS-2/0-38 - Ilsco,98071,98071
YA26N - Burndy,98071a,98071A
YA26TC14 - Burndy,98071b,98071B
CLNS-2/0-14 - Ilsco,98071b,98071B
YA27 - Burndy,98072,98072
CLNS-3/0-12 - Ilsco,98072,98072
CLNS-3/0-38 - Ilsco,98072a,98072A
CLNS-3/0-14 - Ilsco,98072b,98072B
YA28 - Burndy,98073,98073
CLNS-4/0-12 - Ilsco,98073,98073
YA28TC38 - Burndy,98073a,98073A
CLNS-4/0-38 - Ilsco,98073a,98073A
CLNS-4/0-14 - Ilsco,98073b,98073B
YA29 - Burndy,98074,98074
CLNS-250-12 - Ilsco,98073b,98073B
CLNS-250-38 - Ilsco,98074a,98074A
YA30 - Burndy,98075,98075
CLNS-300-12 - Ilsco,98075,98075
YA31 - Burndy,98076,98076
CLNS-350-12 - Ilsco,98076,98076
CLNS-350-58 - Ilsco,98076a,98076A
YA32N - Burndy,98077,98077
CLNS-400-12 - Ilsco,98077,98077
YA32N - Burndy,98078,98078
CLNS-400-58 - Ilsco,98078,98078
YA34N - Burndy,98079,98079
CLNS-500-12 - Ilsco,98079,98079
YA34 - Burndy,98080,98080
CLNS-500-58 - Ilsco,98080,98080
YA36 - Burndy,98081,98081
CLNS-600-58 - Ilsco,98081,98081
YA38N - Burndy,98081a,98081A
CLNS-700-12 - Ilsco,98081a,98081A
YA38 - Burndy,98081b,98081B
CLNS-700-58 - Ilsco,98081b,98081B
YA39 - Burndy,98082,98082
CLNS-750-58 - Ilsco,98082,98082
YA39N - Burndy,98082a,98082A
CLNS-750-12 - Ilsco,98082a,98082A
YA44N - Burndy,98082b,98082B
CLNS-1000-12 - Ilsco,98082b,98082B
YA44 - Burndy,98082c,98082C
CLNS-1000-58 - Ilsco,98082c,98082C
YA8C-L2TC10 - Burndy,98044,98044
CSWD-8-10-58 - Ilsco,98044,98044
YA8C-L2TC14 - Burndy,98044a,98044A
CSWD-8-14-58 - Ilsco,98044a,98044A
Y6C-2L - Burndy,98045,98045
CSWD-6-14-58 - Ilsco,98045,98045
YA6CL-2TC14E1 - Burndy,98045a,98045A
CSWD-6-14-1 - Ilsco,98045a,98045A
YA6CL-2TC338 - Burndy,98045b,98045B
CSWD-6-38-1 - Ilsco,98045b,98045B
CSWD-6-10-34 - Ilsco,98045c,98045C
YA4C-2L - Burndy,98046,98046
CSWD-4-14-58 - Ilsco,98046,98046
YA4CL-2TC14E1 - Burndy,98046a,98046A
CSWD-4-14-1 - Ilsco,98046a,98046A
YA4CL-2TC38 - Burndy,98046b,98046B
CSWD-4-38-1 - Ilsco,98046b,98046B
YA4CL-2TC516 - Burndy,98046c,98046C
CSWD-4-516-1 - Ilsco,98046c,98046C
YA2C-2L - Burndy,98047,98047
CSWD-2-516-34 - Ilsco,98047,98047
YA2CL-2TC14 - Burndy,98047a,98047A
CSWD-2-14-58 - Ilsco,98047a,98047A
YA2CL-2TC38 - Burndy,98047b,98047B
CSWD-2-38-1 - Ilsco,98047b,98047B
YA2CL-2TC14E2 - Burndy,98047c,98047C
CSWD-2-14-34 - Ilsco,98047c,98047C
YA2CL-2TC14E1 - Burndy,98047d,98047D
CSWD-2-14-1 - Ilsco,98047d,98047D
YA1CL-2TC14 - Burndy,98048,98048
CSWD-1-14-58 - Ilsco,98048,98048
CSWD-1-516-1 - Ilsco,98048a,98048A
YA1CL-2TC38 - Burndy,98048b,98048B
CSWD-1-38-1 - Ilsco,98048b,98048B
CSWD-1/0-516-78 - Ilsco,98049,98049
YA25L-2TC38 - Burndy,98050,98050
CSWD-1/0-38-1 - Ilsco,98050,98050
YA26L-2TC38 - Burndy,98051,98051
CSWD-2/0-38-1 - Ilsco,98051,98051
YA26-2LN - Burndy,98052,98052
CSWD-2/0-12-134 - Ilsco,98052,98052
YA27-2LN - Burndy,98053,98053
CSWD-3/0-12-134 - Ilsco,98053,98053
YA27L-2TC38 - Burndy,98053a,98053A
CSWD-3/0-38-1 - Ilsco,98053a,98053A
CSWD-3/0-516-1 - Ilsco,98053b,98053B
YA28-2LN - Burndy,98054,98054
CSWD-4/0-12-134 - Ilsco,98054,98054
YA28L-2TC38 - Burndy,98055,98055
CSWD-4/0-38-1 - Ilsco,98055,98055
YA28L-2TC14E1 - Burndy,98055a,98055A
CSWD-4/0-14-1 - Ilsco,98055a,98055A
YA29L-2TC38 - Burndy,98056a,98056A
CSWD-250-38-1 - Ilsco,98056a,98056A
YA29-2LN - Burndy,98056b,98056B
CSWD-250-12-134 - Ilsco,98056b,98056B
YA30-2LN - Burndy,98057,98057
CSWD-300-12-134 - Ilsco,98057,98057
YA31-2LN - Burndy,98058,98058
CSWD-350-12-134 - Ilsco,98058,98058
YA31L-2TC38 - Burndy,98058a,98058A
CSWD-350-38-1 - Ilsco,98058a,98058A
YA32-2LN - Burndy,98059,98059
CSWD-400-12-134 - Ilsco,98059,98059
YA34-2LN - Burndy,98060,98060
CSWD-500-12-134 - Ilsco,98060,98060
YA34L-2TC38 - Burndy,98060a,98060A
CSWD-500-38-1 - Ilsco,98060a,98060A
YA36-2LN - Burndy,98062,98062
CSWD-600-12-134 - Ilsco,98062,98062
YA39-2LN - Burndy,98063,98063
CSWD-750-12-134 - Ilsco,98063,98063
CLND-8-10-58 - Ilsco,98083,98083
YA8C2TC14 - Burndy,98084,98084
CLND-8-14-58 - Ilsco,98084,98084
CLND-8-14-1 - Ilsco,98084b,98084B
YA8C2TC14E2 - Burndy,98084c,98084C
CLND-8-14-34 - Ilsco,98084c,98084C
YA8C2TC38 - Burndy,98084a,98084A
CLND-8-38-1 - Ilsco,98084a,98084A
YA6C2TC14 - Burndy,98085,98085
CLND-6-14-58 - Ilsco,98085,98085
CLND-6-14-12 - Ilsco,98085a,98085A
YA6C2N - Burndy,98085b,98085B
CLND-6-12-134 - Ilsco,98085b,98085B
YA6C2TC14E2 - Burndy,98085c,98085C
CLND-6-14-34 - Ilsco,98085c,98085C
YA6C2TC38 - Burndy,98085d,98085D
CLND-6-38-1 - Ilsco,98085d,98085D
YA6C2TC38E2 - Burndy,98085e,98085E
CLND-6-38-34 - Ilsco,98085e,98085E
YA4C2TC14 - Burndy,98086,98086
CLND-4-14-58 - Ilsco,98086,98086
YA4C2TC38 - Burndy,98086a,98086A
CLND-4-38-1 - Ilsco,98086a,98086A
YA4C2TC14E2 - Burndy,98086b,98086B
CLND-4-14-34 - Ilsco,98086b,98086B
CLND-4-516-1 - Ilsco,98086c,98086C
CLND-4-14-1 - Ilsco,98086d,98086D
YA4C2N - Burndy,98087,98087
CLND-4-12-134 - Ilsco,98087,98087
YA2C2TC516E2 - Burndy,98088,98088
CLND-2-516-34 - Ilsco,98088,98088
YA22C2TC38 - Burndy,98088a,98088A
CLND-2-38-1 - Ilsco,98088a,98088A
YA2C2TC14 - Burndy,98088b,98088B
CLND-2-14-58 - Ilsco,98088b,98088B
YA2C2TC14E2 - Burndy,98088c,98088C
CLND-2-14-34 - Ilsco,98088c,98088C
CLND-2-14-1 - Ilsco,98088d,98088D
YA2C2TC38E2 - Burndy,98088e,98088E
CLND-2-38-34 - Ilsco,98088e,98088E
YA2C2NTC38 - Burndy,98088f,98088F
CLND-2-38-134 - Ilsco,98088f,98088F
CLND-2-516-1 - Ilsco,98089a,98089A
YA2C2N - Burndy,98090,98090
CLND-2-12-134 - Ilsco,98090,98090
YA1C2TC14 - Burndy,98091,98091
CLND-1-14-58 - Ilsco,98091,98091
YA1C2TC38 - Burndy,98091a,98091A
CLND-1-38-1 - Ilsco,98091a,98091A
YA1C2TC14E2 - Burndy,98091b,98091B
CLND-1-14-34 - Ilsco,98091b,98091B
CLND-1-516-78 - Ilsco,98091c,98091C
YA1C2N - Burndy,98093,98093
CLND-1-12-134 - Ilsco,98093,98093
CLND-1/0-516-78 - Ilsco,98094,98094
YA252TC38 - Burndy,98095,98095
CLND-1/0-38-1 - Ilsco,98095,98095
YA252TC14 - Burndy,98095a,98095A
CLND-1/0-14-58 - Ilsco,98095a,98095A
YA252NTC38 - Burndy,98095c,98095C
CLND-1/0-38-134 - Ilsco,98095c,98095C
YA252N - Burndy,98096,98096
CLND-1/0-12-134 - Ilsco,98096,98096
YA262TC38 - Burndy,98097,98097
CLND-2/0-3/8-1 - Ilsco,98097,98097
YA262TC14E2 - Burndy,98097a,98097A
CLND-2/0-14-34 - Ilsco,98097a,98097A
YA262TC14 - Burndy,98097b,98097B
CLND-2/0-14-58 - Ilsco,98097b,98097B
CLND-2/0-14-1 - Ilsco,98097c,98097C
CLND-2/0-38-134 - Ilsco,98097d,98097D
YA262N - Burndy,98098,98098
CLND-2/0-12-134 - Ilsco,98098,98098
CLND-3/0-516-1 - Ilsco,98099,98099
YA272TC38 - Ilsco,98099a,98099A
CLND-3/0-38-1 - Ilsco,98099a,98099A
CLND-3/0-14-58 - Ilsco,98099c,98099C
YA272N - Burndy,98100a,98100A
CLND-3/0-12-134 - Ilsco,98100a,98100A
YA282TC38 - Burndy,98101,98101
CLND-4/0-38-1 - Ilsco,98101,98101
YA282TC14E2 - Burndy,98101a,98101A
CLND-4/0-14-34 - Ilsco,98101a,98101A
YA282NTC38 - Burndy,98101b,98101B
CLND-4/0-38-134 - Ilsco,98101b,98101B
CLND-4/0-14-58 - Ilsco,98101c,98101C
YA282N - Burndy,98102,98102
CLND-4/0-12-134 - Ilsco,98102,98102
YA292N - Burndy,98104,98104
CLND-250-12-134 - Ilsco,98104,98104
YA302N - Burndy,98105,98105
CLND-300-12-134 - Ilsco,98105,98105
YA312TC38 - Burndy,98106a,98106A
CLND-350-3/8-1 - Ilsco,98106a,98106A
YA322N - Burndy,98107,98107
CLND-400-12-134 - Ilsco,98107,98107
YA342N - Burndy,98108,98108
CLND-500-12-134 - Ilsco,98108,98108
YA342TC38 - Burndy,98108a,98108A
CLND-500-38-1 - Ilsco,98108a,98108A
YA362TC38 - Burndy,98109,98109
CLND-600-12-134 - Ilsco,98109,98109
YA362N - Burndy,98109a,98109A
CLND-600-38-1 - Ilsco,98109a,98109A
YA392N - Burndy,98110,98110
CLND-750-12-134 - Ilsco,98110,98110
YA392TC38 - Burndy,98110a,98110A
CLND-750-38-1 - Ilsco,98110a,98110A
YA442N - Burndy,98110b,98110B
YS8C-L-BOX - Burndy,98111,98111
CT-8 - Ilsco,98111,98111
YS6C-L-BOX - Burndy,98112,98112
CT-6 - Ilsco,98112,98112
YS4C-L-BOX - Burndy,98113,98113
CT-4 - Ilsco,98113,98113
YS3C-L-BOX - Burndy,98113a,98113A
CT-3 - Ilsco,98113a,98113A
CLND-1000-12-134 - Ilsco,98110b,98110B
YS2C-L-BOX - Burndy,98114,98114
CT-2 - Ilsco,98114,98114
YS1C-L-BOX - Burndy,98115,98115
CT-1 - Ilsco,98115,98115
YS25-L-BOX - Burndy,98116,98116
CT-1/0 - Ilsco,98116,98116
YS26-L-BOX - Burndy,98117,98117
CT-2/0 - Ilsco,98117,98117
YS27-L-BOX - Burndy,98118,98118
CT-3/0 - Ilsco,98118,98118
YS28-L-BOX - Burndy,98119,98119
CT-4/0 - Ilsco,98119,98119
YS29-L-BOX - Burndy,98120,98120
CT-250 - Ilsco,98120,98120
YS30-L - Burndy,98121,98121
CT-300 - Ilsco,98121,98121
CT-350 - Ilsco,98122,98122
YS31-L - Burndy,98122,98122
YS32-L - Burndy,98123,98123
CT-400 - Ilsco,98123,98123
YS34-L - Burndy,98124,98124
CT-500 - Ilsco,98124,98124
YS36-L - Burndy,98125,98125
CT-600 - Ilsco,98125,98125
YS39-L - Burndy,98126,98126
CT-750 - Ilsco,98126,98126
YS8C - Burndy,98127,98127
CTL-8 - Ilsco,98127,98127
YS6C - Burndy,98128,98128
CTL-6 - Ilsco,98128,98128
YS4C - Burndy,98129,98129
CTL-4 - Ilsco,98129,98129
YS2C - Burndy,98130,98130
CTL-2 - Ilsco,98130,98130
YS1C - Burndy,98131,98131
CTL-1 - Ilsco,98131,98131
YS25 - Burndy,98132,98132
CTL-1/0 - Ilsco,98132,98132
YS26 - Burndy,98133,98133
BBCU-2/0 - Penn Union,98133,98133
YS27 - Burndy,98134,98134
CTL-3/0 - Ilsco,98134,98134
YS28 - Burndy,98135,98135
CTL-4/0 - Ilsco,98135,98135
YS29 - Burndy,98136,98136
CTL-250 - Ilsco,98136,98136
YS30 - Burndy,98137,98137
CTL-300 - Ilsco,98137,98137
YS31 - Burndy,98138,98138
CTL-350 - Ilsco,98138,98138
YS32 - Burndy,98139,98139
CTL-400 - Ilsco,98139,98139
YS34 - Burndy,98140,98140
CTL-500 - Ilsco,98140,98140
YS36 - Burndy,98141,98141
CTL-600 - Ilsco,98141,98141
YS39 - Burndy,98142,98142
CTL-750 - Ilsco,98142,98142
ALNS-6-14 - Ilsco,98502,98502
YA6CA1 - Burndy,98502,98502
YA4CA1 - Burndy,98505,98505
ALNS-4-14 - Ilsco,98505,98505
YA4CA3 - Burndy,98506,98506
ACN-4 - Ilsco,98506,98506
YA4CA6 - Burndy,98507,98507
YA2CA5 - Burndy,98508,98508
ALNS-2-14 - Ilsco,98508,98508
YA2CA1 - Burndy,98509,98509
ACN-2 - Ilsco,98509,98509
YA2CA3 - Burndy,98510,98510
ALNS-1-14 - Ilsco,98511,98511
ACN-1 - Ilsco,98512,98512
YA1CA1 - Burndy,98513,98513
YA25A1 - Burndy,98515,98515
ACN-1/0 - Ilsco,98515,98515
YA25A3 - Burndy,98516,98516
ALNS-1/0-38 - Ilsco,98516,98516
YA25A9 - Burndy,98517,98517
YA26A6 - Burndy,98520,98520
ALNS-2/0-38 - Ilsco,98520,98520
YA26A1 - Burndy,98521,98521
ALNS-2/0-12 - Ilsco,98521,98521
YA27A1 - Burndy,98524,98524
ALNS-3/0-38 - Ilsco,98524,98524
YA27A3 - Burndy,98525,98525
ALNS-3/0-12 - Ilsco,98525,98525
YA28A1 - Burndy,98528,98528
ALNS-4/0-38 - Ilsco,98528,98528
YA28A3 - Burndy,98529,98529
ALNS-4/0-12 - Ilsco,98529,98529
YA29A9 - Burndy,98530,98530
YA29A1 - Burndy,98531,98531
ALNS-250-12 - Ilsco,98531,98531
YA30A6 - Burndy,98532,98532
YA30A1 - Burndy,98533,98533
ALNS-300-12 - Ilsco,98533,98533
YA31A1 - Burndy,98535,98535
ALNS-350-12 - Ilsco,98535,98535
YA32A9 - Burndy,98536,98536
YA32A3 - Burndy,98537,98537
ALNS-400-12 - Ilsco,98537,98537
ALNS-500-12 - Ilsco,98539,98539
YA34A1 - Burndy,98540,98540
ALNS-600-12 - Ilsco,98541,98541
YA36A1 - Burndy,98542,98542
YA39A1 - Burndy,98543,98543
YA39A3 - Burndy,98544,98544
ALNS-700/750-58 - Ilsco,98544,98544
YA25A5 - Burndy,98545,98545
2ACL-1/0 - Ilsco,98545,98545
YA25A7 - Burndy,98546,98546
ALND-4/0-12-134 - Ilsco,98546,98546
BLUA-2/0D - Penn Union,98547,98547
ALND-2/0-12-134 - Ilsco,98547,98547
YA27A5 - Burndy,98548,98548
2ACL-3/0 - Ilsco,98548,98548
YA28A5 - Burndy,98549,98549
ALND-4/0-12-134 - Ilsco,98549,98549
YA29A3 - Burndy,98550,98550
ALND-250-12-134 - Ilsco,98550,98550
YA30A3 - Burndy,98551,98551
ALND-300-12-134 - Ilsco,98551,98551
YA31A3 - Burndy,98552,98552
ALND-350-12-134 - Ilsco,98552,98552
YA32A3 - Burndy,98553,98553
ALND-400-12-134 - Ilsco,98553,98553
YA34A3 - Burndy,98554,98554
2ACL-500 - Ilsco,98554,98554
YA36A3 - Burndy,98555,98555
2ACL-600 - Ilsco,98555,98555
YA39A5 - Burndy,98556,98556
2ACL-750 - Ilsco,98556,98556
YA44A3 - Burndy,98557,98557
2ACL-1000 - Ilsco,98557,98557
YS8CA1 - Burndy,98558a,98558A
AS-8 - Ilsco,98558a,98558A
YS6CA1 - Burndy,98558,98558
AS-6 - Ilsco,98558,98558
YS4CA1 - Burndy,98559,98559
AS-4 - Ilsco,98559,98559
YS2CA1 - Burndy,98560,98560
AS-2 - Ilsco,98560,98560
YS1CA1 - Burndy,98561,98561
AS-1 - Ilsco,98561,98561
YS25A1 - Burndy,98562,98562
AS-1/0 - Ilsco,98562,98562
YS26A1 - Burndy,98563,98563
AS-2/0 - Ilsco,98563,98563
YS27A1 - Burndy,98564,98564
AS-3/0 - Ilsco,98564,98564
YS28A1 - Burndy,98565,98565
AS-4/0 - Ilsco,98565,98565
YS29A1 - Burndy,98566,98566
AS-250 - Ilsco,98566,98566
YS30A1 - Burndy,98567,98567
AS-300 - Ilsco,98567,98567
YS31A1 - Burndy,98568,98568
AS-350 - Ilsco,98568,98568
YS32A1 - Burndy,98569,98569
AS-400 - Ilsco,98569,98569
YS34A1 - Burndy,98570,98570
AS-500 - Ilsco,98570,98570
YS36A1 - Burndy,98571,98571
AS-600 - Ilsco,98571,98571
AS-750 - Ilsco,98572,98572
YS44A1 - Burndy,98573,98573
AS-1000 - Ilsco,98573,98573
C11K16D - Burndy,22311a,22311A
BGC-2P-DB - Ilsco,22311a,22311A
JDLI - ABB,22311a,22311A
KPL-1-DB - Penn-Union,22311a,22311A
KPL-1-4/0-DB - Penn-Union,22313,22313
KPL-2-4/0-DB - Penn-Union,22313a,22313A
KPL-4-4/0-DB - Penn-Union,22313b,22313B
C11K17D - Burndy,22311b,22311B
BGC-2T-DB - Ilsco,22311b,22311B
KPL-1-DB-90 - Penn-Union,22311b,22311B
BGC-4/0S-DB - Ilsco,22312,22312
KPH1DB - Penn-Union,22312,22312
KR3DB - Penn-Union,22314,22314
KR4DB - Penn-Union,22315,22315
C-11N - Burndy,oe-01,OE-01
BGC-1 - Ilsco,oe-01,OE-01
KG-2-NH - Penn-Union,oe-01,OE-01
BGC-2 - Ilsco,oe-02,OE-02
J2BB - ABB,oe-02,OE-02
KG-1-NH - Penn-Union,oe-02,OE-02
C-11B - Burndy,oe-01b,OE-01B
KG-1-DB-NH - Penn-Union,oe-01b,OE-01B
KG-2-DB-NH - Penn-Union,oe-02b,OE-02B
C-11D - Burndy,oe01-db,OE01-DB
BGC-1DB - Ilsco,oe01-db,OE01-DB
JD - ABB,oe01-db,OE01-DB
KP1-DB - Penn-Union,oe01-db,OE01-DB
C-22D - Burndy,oe02-db,OE02-DB
BGC-2DB - Ilsco,oe02-db,OE02-DB
J2D - ABB,oe02-db,OE02-DB
KP-2DB - Penn-Union,oe02-db,OE02-DB
C-11JPT - Burndy,50001,50001
KG-1 - Penn-Union,50001,50001
C-22JPT - Burndy,50002,50002
KG-2 - Penn-Union,50002,50002
C-4JPT - Burndy,50003,50003
KG-3 - Penn-Union,50003,50003
KG-4 - Penn-Union,50004,50004
C11HD4/0DB - Burndy,50001b,50001B
KG-1-DB - Penn-Union,50001b,50001B
C22HD4/0DB - Burndy,50002b,50002B
KG-2-DB - Penn-Union,50002b,50002B
KG-3-DB - Penn-Union,50003b,50003B
KG-4-DB - Penn-Union,50004b,50004B
C-61 - Burndy,50011,50011
BGC-1A - Ilsco,50011,50011
C-66 - Burndy,50012,50012
1-1/4–2 - Ilsco,50012,50012
C-11LH-1 - Burndy,50031,50031
JP-12 - ABB,50031,50031
KH-1 - Penn-Union,50031,50031
C-22LH-1 - Burndy,50032,50032
JP-212 - ABB,50032,50032
KH-2 - Penn-Union,50032,50032
C-4LH-1 - Burndy,50033,50033
JP-212412 - ABB,50033,50033
KH-4 - Penn-Union,50033,50033
C-11LH-2 - Burndy,50034,50034
JP-34 - ABB,50034,50034
C-22LH-2 - Burndy,50035,50035
JP-234 - ABB,50035,50035
C-4LH-2 - Burndy,50036,50036
JP-212434 - ABB,50036,50036
C-11LH-3 - Burndy,50037,50037
JP-1 - ABB,50037,50037
C-22LH-3 - Burndy,50038,50038
JP-21 - ABB,50038,50038
C-4LH-3 - Burndy,50039,50039
JP-21241 - ABB,50039,50039
CH12 - ABB,50031h,50031H
KCH-12 - Penn-Union,50031h,50031H
CH34 - ABB,50034h,50034H
KCH-34 - Penn-Union,50034h,50034H
CH1BB - ABB,50037h,50037H
KCH-1 - Penn-Union,50037h,50037H
GC15A - Burndy,22101,22101
AGC-1 - Ilsco,22101,22101
AJ - ABB,22101,22101
GC1 - Penn-Union,22101,22101
GC18A - Burndy,22102,22102
AJ-2 - ABB,22102,22102
GCL2 - Penn-Union,22102,22102
GC22A - Burndy,22103,22103
AJ-2124 - ABB,22103,22103
GLC-4 - Penn-Union,22103,22103
BGC1-50 - Ilsco,22301,22301
BGC1-75 - Ilsco,22302,22302
BGC1-10 - Ilsco,22303,22303
BGC2-50 - Ilsco,22304,22304
BGC2-75 - Ilsco,22305,22305
BGC2-10 - Ilsco,22306,22306
CH-34 - Ilsco,22302h,22302H
CH-1 - Ilsco,22303h,22303H
GPL-4 - Penn-Union,50063,50063
GPL-5 - Penn-Union,50064,50064
GPL-6 - Penn-Union,50065,50065
GPL-9 - Penn-Union,50066,50066
GUV7821 - ABB,50066,50066
GUV7825 - ABB,50067,50067
GPL-10 - Penn-Union,50067,50067
GUV11821 - ABB,50069,50069
GPL-15 - Penn-Union,50069,50069
GPL-16 - Penn-Union,50070,50070
GUV2021 - ABB,50075,50075
GPL-15 - Penn-Union,50075,50075
GPL-33 - Penn-Union,50076hd,50076HD
GUV2025 - ABB,50076hd,50076HD
GUV21225 - ABB,50077hd,50077HD
GUV3025 - ABB,50079hd,50079HD
GD1529 - Burndy,50069dh,50069DH
GU-3 - Ilsco,50069dh,50069DH
GU-2 - Penn-Union,50069dh,50069DH
GU-3P - Panduit,50069dh,50069DH
GD1629 - Burndy,50071dh,50071DH
GU-6 - Ilsco,50071dh,50071DH
GU-5 - Penn-Union,50071dh,50071DH
BLU-8S14 - Techspan,98001,98001
BLU-8S15 - Techspan,98002,98002
BLU-8S16 - Techspan,98002a,98002A
BLU-8S17 - Techspan,98002b,98002B
BLU-6S - Penn-Union,98003,98003
BLU-6S1 - Techspan,98004,98004
BLU-6S8 - Penn Union,98005a,98005A
BLU-6S2 - Techspan,98005,98005
BLU-4S - Techspan,98006,98006
BLU-4S1 - Techspan,98008,98008
BLU-4S10 - Techspan,98009,98009
BLU-4S2 - Techspan,98010,98010
BLU-4S4 - Techspan,98010a,98010A
BLU-3S1 - Techspan,98010b,98010B
BLU-3S2 - Techspan,98010c,98010C
BLU-3S3 - Penn Union,98010d,98010D
BLU-2S - Techspan,98011,98011
BLU-2S1 - Techspan,98012,98012
BLU-2S2 - Techspan,98013,98013
BLU-2S10 - Techspan,98013a,98013A
BLU-1S9 - Techspan,98014,98014
BLU-1S - Techspan,98015,98015
BLU-1S1 - Techspan,98016,98016
BLU-1S4 - Techspan,98016a,98016A
BLU-1/0S19 - Techspan,98017,98017
BLU-1/0S - Techspan,98018,98018
BLU-1/0S1 - Techspan,98019,98019
BLU-1/0S2 - Penn Union,98019a,98019A
CSWS-2/0-14 - Ilsco,98020,98020
BLU-2/0S20 - Techspan,98020,98020
BLU-2/0S21 - Techspan,98021,98021
BLU-2/0S - Techspan,98022,98022
BLU-2/0S4 - Techspan,98023,98023
BLU-3/0S14 - Techspan,98024,98024
BLU-3/0S15 - Techspan,98025,98025
BLU-3/0S - Techspan,98026,98026
BLU-3/0S1 - Techspan,98027,98027
BLU-4/0S19 - Techspan,98028,98028
BLU-4/0S25 - Techspan,98029,98029
BLU-4/0S - Techspan,98030,98030
BLU-4/0S1 - Techspan,98031,98031
BLU-025S2 - Techspan,98032,98032
BLU-025S - Techspan,98033,98033
BLU-030S - Techspan,98034,98034
BLU-030S8 - Techspan,98035,98035
BLU-035S - Techspan,98036,98036
BLU-030S7 - Penn Union,98036a,98036A
BLU-035S3 - Techspan,98037,98037
BLU-040S4 - Techspan,98038,98038
BLU-040S - Techspan,98039,98039
BLU-050S2 - Techspan,98040,98040
BLU-050S - Techspan,98041,98041
BLU-060S - Techspan,98042,98042
BLU-060S1 - Penn Union,98042a,98042A
BLU-075S - Techspan,98043,98043
BLU-100S - Techspan,98043b,98043B
YA4CLNT10 - Burndy,98006nt,98006NT
YA3CLNT516 - Burndy,98010bnt,98010BNT
YA2CLNT14 - Burndy,98011nt,98011NT
YSHG3429 - Burndy,23195,23195
YSHG3434 - Burndy,23194,23194
YSHG3931 - Burndy,23193,23193
YSHG4429 - Burndy,23191,23191
YC28C28 - Burndy,23124,23124
YA2CLNT516 - Burndy,98012nt,98012NT
YA1CLNT14 - Burndy,98014nt,98014NT
YA25LNT14 - Burndy,98017nt,98017NT
YA25LNT516 - Burndy,98018nt,98018NT
YA25LNT38 - Burndy,98019nt,98019NT
YA26LNT14 - Burndy,98020nt,98020NT
YA26LNT516 - Burndy,98021nt,98021NT
YA26LNT38 - Burndy,98022nt,98022NT
YA27LNT14 - Burndy,98024nt,98024NT
YA27LNT516 - Burndy,98025nt,98025NT
YA27LNT38 - Burndy,98026nt,98026NT
YA28LNT14 - Burndy,98028nt,98028NT
YA28LNT516 - Burndy,98029nt,98029NT
YA28LNT38 - Burndy,98030nt,98030NT
YA29LENT38 - Burndy,98032nt,98032NT
YA31LNT12 - Burndy,98036nt,98036NT
YA32LNT12 - Burndy,98038nt,98038NT
YA34LNT12 - Burndy,98040nt,98040NT
YA36LNT12 - Burndy,98042ant,98042ANT
YA39LNT58 - Burndy,98043nt,98043NT
BLU-8D2TC10 - Techspan,98044,98044
BLU-8D2TC14 - Techspan,98044a,98044A
BLU-6D2TC14 - Techspan,98045,98045
BLU-6D2TC14E1 - Techspan,98045a,98045A
BLU-6D2TC38 - Techspan,98045b,98045B
BLU-4D2TC14 - Techspan,98046,98046
BLU-4D2TC14E1 - Techspan,98046a,98046A
BLU-4D2TC38 - Techspan,98046b,98046B
BLU-4D2TC516 - Techspan,98046c,98046C
BLU-2D2TC14 - Techspan,98047a,98047A
BLU-2D2TC38 - Techspan,98047b,98047B
BLU-2D2TC14E2 - Techspan,98047c,98047C
BLU-2D2TC14E1 - Techspan,98047d,98047D
BLU-1D2TC14 - Techspan,98048,98048
YA1C-2L - Burndy,98048a,98048A
BLU-1/0D2TC516E6 - Techspan,98049,98049
BLU-1/0D2TC38 - Techspan,98050,98050
BLU-2/0D2TC38 - Techspan,98051,98051
YA26-2L - Burndy,98051b,98051B
YA2-2LN - Burndy,98047e,98047E
YA6CL-2TC338 - Burndy,98044b,98044B
YA3CL-2TC14 - Burndy,98046d,98046D
98046F - Burndy,98046f,98046F
98046G - Burndy,98046g,98046G
YA28L2NTC516 - Burndy,98055b,98055B
BLU-4/0D2TC14E1 - Techspan,98055a,98055A
BLU-025D2TC38 - Techspan,98056a,98056A
BLU-025D - Techspan,98056b,98056B
BLU-030D - Techspan,98057,98057
BLU-035D2TC38 - Techspan,98058a,98058A
BLU-035D - Techspan,98058,98058
BLU-040D - Techspan,98059,98059
BLU-050D2TC38 - Techspan,98060a,98060A
BLU-050D - Techspan,98060,98060
BLU-060D - Techspan,98062,98062
YA39L-2TC58 - Burndy,98062a,98062A
BLU-075D - Techspan,98063,98063
YA27L2NT516 - Burndy,98053bnt,98053BNT
YA25L2NT14 - Burndy,98055ant,98055ANT
YA342LNT12E1 - Burndy,98060nt,98060NT
YA39L2NT12E1 - Burndy,98063nt,98063NT
YA44L-2NTC12E24 - Burndy,98063bnt,98063BNT
CLNS-2/0-12 - Ilsco,98071a,98071A
BLUA-6S2 - PUC,98503,98503
BLUA-6S - Penn Union,98502,98502
YA6CA3 - Burndy,98504,98504
BLUA-4S2 - PUC,98506,98506
BLUA-2S3 - PUC,98508,98508
BLUA-2S4 - PUC,98509,98509
BLUA-2S - PUC,98510,98510
BLUA-1S3 - PUC,98512,98512
BLUA-1S - PUC,98513,98513
BLUA-1/0S2 - PUC,98514,98514
BLUA-1/0S3 - PUC,98515,98515
BLUA-1/0S - PUC,98516,98516
BLUA-1/0S1 - Penn Union,98517,98517
BLUA-2/0S4 - PUC,98518,98518
BLUA-2/0S5 - PUC,98519,98519
BLUA-2/0S5 - Penn Union,98520,98520
BLUA-2/0S - PUC,98521,98521
BLUA-3/0S5 - PUC,98523,98523
BLUA-3/0S2 - Penn Union,98524,98524
BLUA-3/0S - Penn Union,98525,98525
BLUA-4/0S3 - PUC,98527,98527
BLUA-4/0S2 - Penn Union,98528,98528
BLUA-4/0S - Penn Union,98529,98529
BLUA-025S2 - PUC,98530,98530
BLUA-025S - PUC,98531,98531
BLUA-030S2 - PUC,98532,98532
BLUA-030S1 - Penn Union,98533,98533
BLUA-035S1 - Penn Union,98535,98535
AL400-48 - NSI,98537,98537
BLUA-050S2 - PUC,98539,98539
BLUA-050S3 - Penn Union,98540,98540
BLUA-060S1 - Penn Union,98542,98542
BLUA-075S1 - PUC,98544,98544
BLUA-1/0D1 - PUC,98545,98545
BLUA-1/0D3 - PUC,98546,98546
BLUA-3/0D - Penn Union,98548,98548
BLUA-4/0D - PUC,98549,98549
BLUA-025D - Penn Union,98550,98550
BLUA-030D - PUC,98551,98551
BLUA-035D - Penn Union,98552,98552
BLUA-040D2 - PUC,98553,98553
BLUA-050D2 - PUC,98554,98554
BLUA-060D2 - PUC,98555,98555
BLUA-075D1 - PUC,98556,98556
BLUA-100D2 - PUC,98557,98557
BCU-8 - PUC,98111,98111
BCU-6 - PUC,98112,98112
BCU-3 - PUC,98113a,98113A
BCU-4 - PUC,98113,98113
BCU-2 - PUC,98114,98114
BCU-1 - PUC,98115,98115
BCU-1/0 - PUC,98116,98116
BCU-2/0 - Penn Union,98117,98117
BCU-3/0 - PUC,98118,98118
BCU-4/0 - Penn Union,98119,98119
BCU-025 - Penn Union,98120,98120
BCU-030 - PUC,98121,98121
BCU-035 - Penn Union,98122,98122
BCU-040 - Penn Union,98123,98123
BCU-050 - Penn Union,98124,98124
BCU-060 - PUC,98125,98125
BCU-075 - PUC,98126,98126
C-8 - NSI,98127,98127
BBCU-8 - Penn Union,98127,98127
BBCU-6 - Penn Union,98128,98128
BBCU-4 - Penn Union,98129,98129
C-6 - NSI,98129a,98129A
BBCU-2 - Penn Union,98130,98130
BBCU-1 - Penn Union,98131,98131
BBCU-1/0 - Penn Union,98132,98132
CTL-2/0 - Ilsco,98133,98133
BBCU-3/0 - Penn Union,98134,98134
BBCU-4/0 - Penn Union,98135,98135
BBCU-025 - Penn Union,98136,98136
BBCU-030 - Penn Union,98137,98137
BBCU-035 - Penn Union,98138,98138
BBCU-040 - Penn Union,98139,98139
BBCU-050 - Penn Union,98140,98140
BBCU-060 - Penn Union,98141,98141
BCUA-8 - PUC,98558a,98558A
BCUA-6 - PUC,98558,98558
BCUA-4 - PUC,98559,98559
BCUA-2 - PUC,98560,98560
BCUA-1 - PUC,98561,98561
BCUA-1/0 - PUC,98562,98562
BCUA-2/0 - PUC,98563,98563
BCUA-3/0 - PUC,98564,98564
BCUA-4/0 - PUC,98565,98565
BCUA-025 - PUC,98566,98566
BCUA-030 - PUC,98567,98567
BCUA-035 - PUC,98568,98568
BCUA-040 - PUC,98569,98569
BCUA-050 - PUC,98570,98570
BCUA-060 - PUC,98571,98571
BCUA-075 - PUC,98572,98572
BCUA-100 - PUC,98573,98573
RTC-1 - PUC,23101,23101
YC8L12 - Burndy,23102,23102
TWCTR8T12 - Ilsco,23102,23102
RTC-2 - PUC,23102,23102
YC6L12 - Burndy,23103,23103
RTC-3 - PUC,23103,23103
TWCTR6T12 - Ilsco,23103,23103
YC4L12 - Burndy,23104,23104
TWCTR4T12 - Ilsco,23104,23104
RTC-4 - PUC,23104,23104
YC3L12 - Burndy,23105,23105
TWCTR3T12 - Ilsco,23105,23105
RTC-5 - PUC,23105,23105
YC2L12 - Burndy,23106,23106
TWCTR2T12 - Ilsco,23106,23106
RTC-6 - PUC,23106,23106
YC1L12 - Burndy,23107,23107
TWCTR1T12  - Ilsco,23107,23107
RTC-7 - PUC,23107,23107
YC25L12 - Burndy,23108,23108
TWCTR1/0T12 - Ilsco,23108,23108
RTC-8 - PUC,23108,23108
YC26L12 - Burndy,23109,23109
TWCTR2/0T12 - Ilsco,23109,23109
RTC-9 - PUC,23109,23109
YC27L12 - Burndy,23110,23110
TWCTR3/0T12 - Ilsco,23110,23110
RTC-10 - PUC,23110,23110
RTC-11 - PUC,23111,23111
RTC-12 - PUC,23112,23112
RTC-13 - PUC,23113,23113
RTC-14 - PUC,23114,23114
RTC-15 - PUC,23115,23115
RTC-16 - PUC,23116,23116
RTC-17 - PUC,23117,23117
YC4C6 - Burndy,23118,23118
CCT-46 - PUC,23118,23118
YC4C4 - Burndy,23119,23119
CCT-44 - PUC,23119,23119
YC2C4 - Burndy,23120,23120
CCT-24 - PUC,23120,23120
YC2C2 - Burndy,23121,23121
CCT-22 - PUC,23121,23121
YC26C26 - Burndy,23122,23122
CCT-2020 - PUC,23122,23122
YC28C26 - Burndy,23123,23123
CCT-4020 - PUC,23123,23123
CCT-4040 - PUC,23124,23124
TA-6-S - Ilsco,99001,99001
LA6 - PUC,99001,99001
KA6U - Burndy,99001b,99001B
LAMA6-14-QY - Panduit,99001b,99001B
ADR6 - T&B,99001b,99001B
KA2U - Burndy,99002,99002
TA-2 - Ilsco,99002,99002
LA2 - PUC,99002,99002
LAMA2-14-QY - Panduit,99002,99002
ADR2 - T&B,99002,99002
KA25U - Burndy,99003,99003
TA-0 - Ilsco,99003,99003
LA1/0 - PUC,99003,99003
LAMA1/0-14-QY - Panduit,99003,99003
ADR11 - T&B,99003,99003
KA26U - Burndy,99004,99004
TA-2/0 - Ilsco,99004,99004
LA2/0 - PUC,99004,99004
LAMA2/0-14-QY - Panduit,99004,99004
ADR21 - T&B,99004,99004
KA29U - Burndy,99005,99005
TA-250 - Ilsco,99005,99005
LA250 - PUC,99005,99005
LAMA250-56-QY - Panduit,99005,99005
ADR25 - T&B,99005,99005
LA-250 - CMC,99005,99005
KA30U - Burndy,ka30u,KA30U
LAMA300-56-QY - Panduit,ka30u,KA30U
ADR30 - T&B,ka30u,KA30U
LA-300 - CMC,ka30u,KA30U
KA31U - Burndy,99007,99007
TA-350 - Ilsco,99007,99007
LA350 - PUC,99007,99007
LAMA350-38-QY - Panduit,99007,99007
ADR35 - T&B,99007,99007
LA-350 - CMC,99007,99007
KA34U - Burndy,99008,99008
TA-500 - Ilsco,99008,99008
LA500 - PUC,99008,99008
LAMA500-38-6Y - Panduit,99008,99008
ADR50 - T&B,99008,99008
LA-500 - CMC,99008,99008
KA36U - Burndy,99009,99009
TA-600 - Ilsco,99009,99009
LA600 - PUC,99009,99009
LAMA600-38-6Y - Panduit,99009,99009
ADR60 - T&B,99009,99009
LA-600 - CMC,99009,99009
TA-800 - Ilsco,99010,99010
LA800 - PUC,99010,99010
ADR80 - T&B,99010,99010
LA-800 - CMC,99010,99010
TA-1000 - Ilsco,99011,99011
LA1000 - PUC,99011,99011
LAMA1000-58-6Y - Panduit,99011,99011
ADR99 - T&B,99011,99011
LA-1000 - CMC,99011,99011
KA36229U - Burndy,99093,99093
TA-500-S - Ilsco,99093,99093
LA-1000 - CMC,99093,99093
KA39230U - Burndy,99094,99094
LA-750 - CMC,99094,99094
TA-350-2NS - Ilsco,99007a,99007A
LAMB350-12-6Y - Panduit,99007a,99007A
ADR35-12D - T&B,99007a,99007A
KA36U-2N - Burndy,99009a,99009A
TA-600-2NS - Ilsco,99009a,99009A
LAMB600-12-3Y - Panduit,99009a,99009A
ADR60-12D - T&B,99009a,99009A
KA40U-2N - Burndy,99010a,99010A
TA-800-2NS - Ilsco,99010a,99010A
ADR80-12D - T&B,99010a,99010A
KA44U-2N - Burndy,99011a,99011A
TA-1000-2NS - Ilsco,99011a,99011A
ADR99-12D - T&B,99011a,99011A
ADR35-12S - T&B,99007a-sm,99007A-SM
SG350 - CMC,99007a-sm,99007A-SM
ADR50-12S - T&B,99008a-sm,99008A-SM
SG500 - CMC,99008a-sm,99008A-SM
KKA31U-2N - Burndy,99007-ds,99007-DS
TA-350-2Ns - Ilsco,99007-ds,99007-DS
TA-600-2Ns - Ilsco,99009-ds,99009-DS
LLA2-500-S1 - PUC,99009-ds,99009-DS
ADR60-2D - T&B,99009-ds,99009-DS
TA-800-2N - Burndy,99010-ds,99010-DS
TA-800-2N - Ilsco,99010-ds,99010-DS
LLA2-750-S1 - PUC,99010-ds,99010-DS
ADR80-2D - T&B,99010-ds,99010-DS
ADR80-12DS - T&B,99010-smds,99010-SMDS
SG800 - CMC,99010-smds,99010-SMDS
ADR99-12DS - T&B,99011-smds,99011-SMDS
SG1000 - CMC,99011-smds,99011-SMDS
LA-2R - CMC,99001-ar,99001-AR
KA25UAR - Burndy,99003-ar,99003-AR
LA-1/0R - CMC,99003-ar,99003-AR
KA26UAR - Burndy,99004-ar,99004-AR
TA-600-2N - Ilsco,99004-ar,99004-AR
ADR21-AR - T&B,99004-ar,99004-AR
LA-2/0R - CMC,99004-ar,99004-AR
LA-600R - CMC,99009-ar,99009-AR
AB-500S - CMC,99909-ar,99909-AR
AB-600-1 - CMC,99910-ar,99910-AR
AB-250S - CMC,99906,99906
AB-300S - CMC,99907,99907
AB-350S - CMC,99908,99908
AB-500S -,99909,99909
AB-600S - CMC,99910,99910
ABSG-1000 - CMC,99912ds,99912DS
K2A25U - Burndy,99012,99012
AU-0 - Ilsco,99012,99012
L2A0 - PUC,99012,99012
LAM2A1/0-14-6Y - Panduit,99012,99012
ADR11-21 - T&B,99012,99012
DLA-112 - CMC,99012,99012
K2A26U - Burndy,99013,99013
AU2/0 - Ilsco,99013,99013
L2A2/0 - PUC,99013,99013
LAM2A2/0-14-6Y - Panduit,99013,99013
ADR21-21 - T&B,99013,99013
DLA-125 - CMC,99013,99013
AU250 - Ilsco,99014,99014
L2A250 - PUC,99014,99014
LAM2A250-38-6Y - Panduit,99014,99014
ADR25-21 - T&B,99014,99014
DLA-250 - CMC,99014,99014
AU350 - Ilsco,99015,99015
L2A350 - PUC,99015,99015
LAM2A350-12-6Y - Panduit,99015,99015
ADR35-21 - T&B,99015,99015
DLA-350 - CMC,99015,99015
AU600 - Ilsco,99016,99016
L2A600 - PUC,99016,99016
LAM2A600-12-6Y - Panduit,99016,99016
ADR60-21 - T&B,99016,99016
DLA-600 - CMC,99016,99016
AU-800 - Ilsco,99017,99017
L2A800 - PUC,99017,99017
ADR80-21 - T&B,99017,99017
DLA-800 - CMC,99017,99017
AU-1000 - Ilsco,99018,99018
L2A1000 - PUC,99018,99018
LAM2A1000-58-6Y - Panduit,99018,99018
ADR99-21 - T&B,99018,99018
DLA1000 - CMC,99018,99018
K2A44U-2N - Burndy,99018a,99018A
AU-1000-2NS - Ilsco,99018a,99018A
K2A31U-2N - Burndy,99027,99027
AU-350-2N - Ilsco,99027,99027
L2A3502 - PUC,99027,99027
LAM2B350-12-3Y - Panduit,99027,99027
ADR35-22 - T&B,99027,99027
K2A36U-2N - Burndy,99028,99028
AU-600-2NS - Ilsco,99028,99028
2A6002 - PUC,99028,99028
K2A40U-2N - Burndy,99029,99029
AU-800-2NS - Ilsco,99029,99029
L2A8002 - PUC,99029,99029
LAM2LB600-12-3 - Panduit,99028a,99028A
ADR60-22D - T&B,99028a,99028A
ADR80-22D - T&B,99029-ds,99029-DS
LAM2LB1000-12-3 - Panduit,99029a,99029A
ADR99-22D - T&B,99029a,99029A
AU-800-2N - Ilsco,99029-ds-6,99029-DS-6
AU-1000-2N - Ilsco,99029a-6,99029A-6
2AB-250 - CMC,99923,99923
2AB-350 - CMC,99924,99924
2AB-500 - CMC,99925,99925
2AB-600 - CMC,99926,99926
2AB-750 - CMC,99927,99927
2AB-1000 - CMC,99928,99928
K3A25U-2 - Burndy,99020,99020
T3A2-0 - Ilsco,99020,99020
LAM3B1/0-38-6Y - Panduit,99020,99020
ADR11-32 - T&B,99020,99020
K3A27U-2N - Burndy,99021,99021
T3A2-3/0N - Ilsco,99021,99021
LAM3B3/0-12-3Y - Panduit,99021,99021
ADR31-32 - T&B,99021,99021
K3A29U-2N - Burndy,99022,99022
T3A2-250N - Ilsco,99022,99022
L3A2502 - PUC,99022,99022
LAM3B250-12-1Y - Panduit,99022,99022
ADR25-32 - T&B,99022,99022
T3A2-250N - Burndy,99022,99022
LAM3B250-12-1Y - Burndy,99022,99022
ADR25-32 - Burndy,99022,99022
K3A31U-2N - Burndy,99023,99023
T3A2-350N - Ilsco,99023,99023
L3A3502 - PUC,99023,99023
LAM3B350-12-1Y - Panduit,99023,99023
ADR35-32 - T&B,99023,99023
K3A25U-4 - Burndy,99031,99031
T3A4-0 - Ilsco,99031,99031
ADR11-34 - T&B,99031,99031
K3A27U-4N - Burndy,99021-4,99021-4
LAM3D3/0-12-3Y - Panduit,99021-4,99021-4
ADR31-34 - T&B,99021-4,99021-4
K3A29U-4N - Burndy,99032,99032
T3A4-3/0N - Ilsco,99032,99032
L3A2504 - PUC,99032,99032
LAM3D250-12-1Y - Panduit,99032,99032
K3A31U-4N - Burndy,99033,99033
T3A4-250N - Ilsco,99033,99033
L3A3504 - PUC,99033,99033
LAM3D350-12-1Y - Panduit,99033,99033
ADR25-34 - T&B,99033,99033
T3A4-350N - Ilsco,99034,99034
ADR35-34 - T&B,99034,99034
KK3A36U-2N - Burndy,99024,99024
LAM3LB600-12-1 - Panduit,99024,99024
ADR60-32D - T&B,99024,99024
KK3A40U-2N - Burndy,99025,99025
ADR80-32 - T&B,99025,99025
KK3A44U-2N - Burndy,99026,99026
LAM3LB1000-121Y - Panduit,99026,99026
ADR99-32 - T&B,99026,99026
KK3A36U-4N - Burndy,99035,99035
L3A8004 - PUC,99035,99035
LAM3LD600-12-1 - Panduit,99035,99035
ADR60-34D - T&B,99035,99035
KK3A40U-4N - Burndy,99036,99036
L3A10004 - PUC,99036,99036
ADR80-34 - T&B,99036,99036
KK3A44U-4N - Burndy,99037,99037
LAM3LD1000-121Y - Panduit,99037,99037
ADR99-34 - T&B,99037,99037
T3A4-600N - Ilsco,99035b,99035B
T3A4-800N - Ilsco,99036b,99036B
T3A4-1000N - Ilsco,99037b,99037B
K2A26U - Burndy,99013-nt,99013-NT
K2A29U - Burndy,99014-nt,99014-NT
K2A31U - Burndy,99015-nt,99015-NT
K2A36U - Burndy,99016-nt,99016-NT
K2A40U - Burndy,99017-nt,99017-NT
K2A44U - Burndy,99018-nt,99018-NT
K4A29U-4N - Burndy,99038,99038
T4A4-250N - Ilsco,99038,99038
LA4M4250 - PUC,99038,99038
LAM4D250-12-1Y - Panduit,99038,99038
ADR25-44 - T&B,99038,99038
K4A31U-4N - Burndy,99039,99039
T4A4-350N - Ilsco,99039,99039
LA4M4350 - PUC,99039,99039
LAM4D350-12-1Y - Panduit,99039,99039
ADR35-44 - T&B,99039,99039
KK4A36U-4N - Burndy,99040,99040
LA4D4600 - PUC,99040,99040
ADR60-44D - T&B,99040,99040
LAM4LD600-12-1 - Panduit,99040,99040
T4A4-600N - Ilsco,99942,99942
T4A4-1000N - Ilsco,99943,99943
PB2-300 - PUC,99051,99051
PV2-300 - CMC,99051a,99051A
PV2-600 - CMC,99059,99059
PB2-600 - PUC,99056,99056
PV2-60 - CMC,99056,99056
PB2-600-2N - Ilsco,99056a,99056A
PB2-750 - PUC,99060,99060
PV2-750 - CMC,99060b,99060B
PB3-600 - PUC,99957,99957
PB4-600 - PUC,99958,99958
2ABV-500 - CMC,99956a,99956A
PB4-600-2N - Ilsco,99957a,99957A
2ABV-600 - CMC,99957a,99957A
2ABV-750 - CMC,99958a,99958A
PB3-600-2N - Ilsco,99057,99057
PV3-600 - CMC,99057,99057
PV3-750 - CMC,99061,99061
PV4-600 - CMC,99058,99058
PV4-750 - CMC,99062,99062
PB4-750-2N - Ilsco,99062a,99062A
SCNM-18 - Ilsco,oec-cnm-18,OEC-CNM-18
SCNM-21 - Ilsco,oec-cnm-21,OEC-CNM-21
SCNM-24 - Ilsco,oec-cnm-24,OEC-CNM-24
SCNM-27 - Ilsco,oec-cnm-27,OEC-CNM-27
SCNM-30 - Ilsco,oec-cnm-30,OEC-CNM-30
SCNM-33 - Ilsco,oec-cnm-33,OEC-CNM-33
SCNM-36 - Ilsco,oec-cnm-36,OEC-CNM-36
SCNM-39 - Ilsco,oec-cnm-39,OEC-CNM-39
SCNM-42 - Ilsco,oec-cnm-42,OEC-CNM-42
BGBL-4 - Burndy,50041a,50041A
GBL-4 - Ilsco,50041a,50041A
LI-50S - PUC,50041a,50041A
BGBL4SS - Burndy,50041as26,50041AS26
GBL-4SS - Ilsco,50041as26,50041AS26
LI-50SS - PUC,50041as26,50041AS26
BGBL-1/0 - Burndy,50042a,50042A
GBL-1/0 - Ilsco,50042a,50042A
LI-112S - PUC,50042a,50042A
LI-200S - PUC,50043a,50043A
BGBL-250 - Burndy,50044a,50044A
GBL-250 - Ilsco,50044a,50044A
LI-252S - PUC,50044a,50044A
K2P4CAG1 - Burndy,22401,22401
NA401 - Techspan,22401,22401
NA401 - PUC,22401,22401
NA402 - Techspan,22402,22402
NA402 - PUC,22402,22402
NA403 - Techspan,22403,22403
NA403 - PUC,22403,22403
NA404 - Techspan,22404,22404
NA404 - PUC,22404,22404
NA405 - Techspan,22405,22405
NA405 - PUC,22405,22405
NA406 - Techspan,22406,22406
NA406 - PUC,22406,22406
NA407 - Techspan,22407,22407
NA407 - PUC,22407,22407
NA408 - Techspan,22408,22408
NA408 - PUC,22408,22408
NA409 - Techspan,22409,22409
NA409 - PUC,22409,22409
K9P4CAG1 - Burndy,22410,22410
NA410 - Techspan,22410,22410
NA410 - PUC,22410,22410
NA411 - Techspan,22411,22411
NA411 - PUC,22411,22411
NA412 - Techspan,22412,22412
NA412 - PUC,22412,22412
K15P4CAG1 - Burndy,22413,22413
NA413 - Techspan,22413,22413
NA413 - PUC,22413,22413
NA414 - Techspan,22414,22414
NA414 - PUC,22414,22414
NA415 - Techspan,22415,22415
NA416 - Techspan,22416,22416
NA416 - PUC,22416,22416
NA417 - Techspan,22417,22417
NA417 - PUC,22417,22417
NA418 - Techspan,22418,22418
NA418 - PUC,22418,22418
NA419 - Techspan,22419,22419
NA419 - PUC,22419,22419
LDB-14-750-3 - Ilsco,pdb-11-750-3,PDB-11-750-3
LDB-14-750-2 - Ilsco,pdb-11-750-2,PDB-11-750-2
LDB-14-750-1 - Ilsco,pdb-11-750-1,PDB-11-750-1
LDB-11-750-3 - Ilsco,pdb-24-600-3,PDB-24-600-3
LDB-11-750-2 - Ilsco,pdb-24-600-2,PDB-24-600-2
LDB-11-750-1 - Ilsco,pdb-24-600-1,PDB-24-600-1
LDB-24-600-3 - Ilsco,pdb-26-600-3,PDB-26-600-3
LDB-24-600-2 - Ilsco,pdb-26-600-2,PDB-26-600-2
LDB-24-600-1 - Ilsco,pdb-26-600-1,PDB-26-600-1
LDB-22-500-3 - Ilsco,pdb-22-500-3,PDB-22-500-3
BDBLCS6V3FS - Burndy,pdb-22-500-3,PDB-22-500-3
BDBLCS6V2FS - Burndy,pdb-22-500-2,PDB-22-500-2
LDB-22-500-2 - Ilsco,pdb-22-500-2,PDB-22-500-2
BDBLCS6V1FS - Burndy,pdb-22-500-1,PDB-22-500-1
LDB-22-500-1 - Ilsco,pdb-22-500-1,PDB-22-500-1
BDBLCS5W3FS - Burndy,pdb-11-500-3,PDB-11-500-3
LDB-11-500-3 - Ilsco,pdb-11-500-3,PDB-11-500-3
BDBLCS5W2FS - Burndy,pdb-11-500-2,PDB-11-500-2
LDB-11-500-2 - Ilsco,pdb-11-500-2,PDB-11-500-2
BDBLCS5W1FS - Burndy,pdb-11-500-1,PDB-11-500-1
LDB-11-500-1 - Ilsco,pdb-11-500-1,PDB-11-500-1
BDBLCS6R3FS - Burndy,pdb-24-500-3,PDB-24-500-3
LDB-24-500-3 - Ilsco,pdb-24-500-3,PDB-24-500-3
LDB-24-500-2 - Ilsco,pdb-24-500-2,PDB-24-500-2
BDBLCS6R2FS - Burndy,pdb-24-500-2,PDB-24-500-2
BDBLCS6R1FS - Burndy,pdb-24-500-1,PDB-24-500-1
LDB-24-500-1 - Ilsco,pdb-24-500-1,PDB-24-500-1
BDBLCS6K3FS - Burndy,pdb-26-500-3,PDB-26-500-3
LDB-26-500-3 - Ilsco,pdb-26-500-3,PDB-26-500-3
BDBLCS6K2FS - Burndy,pdb-26-500-2,PDB-26-500-2
LDB-26-500-2 - Ilsco,pdb-26-500-2,PDB-26-500-2
BDBLCS6K1FS - Burndy,pdb-26-500-1,PDB-26-500-1
LDB-26-500-1 - Ilsco,pdb-26-500-1,PDB-26-500-1
BDBLCS6A3FS - Burndy,pdb-212-500-3,PDB-212-500-3
LDB-212-500-3 - Ilsco,pdb-212-500-3,PDB-212-500-3
BDBLCS6A2FS - Burndy,pdb-212-500-2,PDB-212-500-2
LDB-212-500-2 - Ilsco,pdb-212-500-2,PDB-212-500-2
BDBLCS6A1FS - Burndy,pdb-212-500-1,PDB-212-500-1
LDB-212-500-1 - Ilsco,pdb-212-500-1,PDB-212-500-1
LDB-112-500-3 - Ilsco,pdb-112-500-3,PDB-112-500-3
LDB-112-500-2 - Ilsco,pdb-112-500-2,PDB-112-500-2
LDB-112-500-1 - Ilsco,pdb-112-500-1,PDB-112-500-1
AMS-2 - Burndy,61101hd,61101HD
SR-2 - PUC,61101hd,61101HD
SR-2 - CMC,61101hd,61101HD
AMS-0 - Burndy,61102hd,61102HD
SR-0 - PUC,61102hd,61102HD
SR-0 - CMC,61102hd,61102HD
AMS-4/0 - Burndy,61105hd,61105HD
SR-250-2 - PUC,61105hd,61105HD
SR-250 - CMC,61105hd,61105HD
SR-350-2 - PUC,61106,61106
SR-500 - CMC,61106,61106
SR-250 - PUC,61106hd,61106HD
AMS-250 - Burndy,61107,61107
SR-350 - PUC,61108,61108
AMS-350 - Burndy,61108hd,61108HD
SR-500 - PUC,61108hd,61108HD
AMS-500 - Burndy,61109,61109
SR-750 - PUC,61109,61109
AMS-750 - Burndy,61110,61110
GTA-2-2 - Ilsco,99071c,99071C
GPT-2 - Techspan,99071c,99071C
GTA-0-0 - Ilsco,99072c,99072C
GPT-1/0 - Techspan,99072c,99072C
KPU29A26AC - Burndy,99073c,99073C
GTA-250-0 - Ilsco,99073c,99073C
GPT-250-0 - Techspan,99073c,99073C
KPU29A29AC - Burndy,99074c,99074C
GTA-250-250 - Ilsco,99074c,99074C
GPT-250 - Techspan,99074c,99074C
GTA-350-350 - Ilsco,99075c,99075C
GPT-350 - Techspan,99075c,99075C
GPT-500 - Techspan,99076c,99076C
GTA-500-500 - Ilsco,99076c,99076C
GTA-750-500 - Ilsco,99077c,99077C
GPT-750 - Techspan,99077c,99077C
KPU39A39AC - Burndy,99078c,99078C
GTA-750-750 - Ilsco,99078c,99078C
KLU25 - CMC,21000,21000
SLU-25 - Ilsco,21000,21000
SLU-25 - PUC,21000,21000
KLU35 - Burndy,21001,21001
SLU-35 - Ilsco,21001,21001
SLU-35 - PUC,21001,21001
KLU70 - Burndy,21002,21002
SAU-70 - Ilsco,21002,21002
SAU-70 - PUC,21002,21002
SLU-70 - Ilsco,21003,21003
SLU-70 - PUC,21003,21003
KLU125 - Burndy,21004,21004
SLU-125 - Ilsco,21004,21004
SLU-125 - PUC,21004,21004
KLU175 - Burndy,21005,21005
SLU-175 - Ilsco,21005,21005
SLU-175 - PUC,21005,21005
KLU225 - Burndy,21006,21006
SLU-225 - Ilsco,21006,21006
SLU-225 - PUC,21006,21006
KLU300 - Burndy,21007,21007
SLU-300 - Ilsco,21007,21007
SLU-300 - PUC,21007,21007
KLU400 - Burndy,21008,21008
SLU-400 - Ilsco,21008,21008
SLU-400 - PUC,21008,21008
SLU-650 - Ilsco,21009,21009
SLU-650 - PUC,21009,21009
KPA8CUP - Burndy,23301,23301
SLS-35 - Ilsco,23301,23301
SLS-35 - PUC,23301,23301
KPA4CUP - Burndy,23302,23302
SAS-70 - Ilsco,23302,23302
SLS-125 - Ilsco,23303,23303
SLS-175 - Ilsco,23305,23305
SLS-225 - Ilsco,23306,23306
CL-1-500N - Ilsco,22509,22509
CL-1-100N - Ilsco,22510,22510
KS90 - Burndy,oec-90,OEC-90
S-10 - Techspan,oec-90,OEC-90
S-10 - PUC,oec-90,OEC-90
KS15 - Burndy,oec-15,OEC-15
IK-8 - Ilsco,oec-15,OEC-15
S-8 - Techspan,oec-15,OEC-15
S-8 - PUC,oec-15,OEC-15
KS17 - Burndy,oec-17,OEC-17
IK-6 - Ilsco,oec-17,OEC-17
S-6 - Techspan,oec-17,OEC-17
S-6 - PUC,oec-17,OEC-17
KS20 - Burndy,oec-20,OEC-20
IK-4 - Ilsco,oec-20,OEC-20
S-4 - Techspan,oec-20,OEC-20
S-4 - PUC,oec-20,OEC-20
KS22 - Burndy,oec-22,OEC-22
IK-3 - Ilsco,oec-22,OEC-22
S-3 - Techspan,oec-22,OEC-22
S-3 - PUC,oec-22,OEC-22
KS23 - Burndy,oec-23,OEC-23
IK-2 - Ilsco,oec-23,OEC-23
S-2 - Techspan,oec-23,OEC-23
S-2 - PUC,oec-23,OEC-23
KS25 - Burndy,oec-25,OEC-25
IK-1/0 - Ilsco,oec-25,OEC-25
S-1/0 - Techspan,oec-25,OEC-25
S-1/0 - PUC,oec-25,OEC-25
KS26 - Burndy,oec-26,OEC-26
IK-2/0 - Ilsco,oec-26,OEC-26
S-2/0 - Techspan,oec-26,OEC-26
S-2/0 - PUC,oec-26,OEC-26
SW-14 - Techspan,sw-14,SW-14
SW-14 - PUC,sw-14,SW-14
SW-13 - Techspan,oec-39d-2,OEC-39D
SW-13 - PUC,oec-39d-2,OEC-39D
KS27 - Burndy,oec-27,OEC-27
IK-3/0 - Ilsco,oec-27,OEC-27
S-3/0 - Techspan,oec-27,OEC-27
S-3/0 - PUC,oec-27,OEC-27
KS29 - Burndy,oec-29,OEC-29
IK-250 - Ilsco,oec-29,OEC-29
S-4/0-250 - Techspan,oec-29,OEC-29
S-4/0-250 - PUC,oec-29,OEC-29
KS31 - Burndy,oec-31,OEC-31
IK-350 - Ilsco,oec-31,OEC-31
S-350 - Techspan,oec-31,OEC-31
S-350 - PUC,oec-31,OEC-31
KS34 - Burndy,oec-34,OEC-34
S-500 - Techspan,oec-34,OEC-34
S-500 - PUC,oec-34,OEC-34
KS39 - Burndy,oec-39,OEC-39
S-750 - Techspan,oec-39,OEC-39
S-750 - PUC,oec-39,OEC-39
KS44 - Burndy,oec-44,OEC-44
S-1000 - Techspan,oec-44,OEC-44
S-1000 - PUC,oec-44,OEC-44
KSU17 - Burndy,oec-17d,OEC-17D
SK-4 - Ilsco,oec-17d,OEC-17D
SW-4 - Techspan,oec-17d,OEC-17D
SW-4 - PUC,oec-17d,OEC-17D
KSU20 - Burndy,oec-20d,OEC-20D
SK-3 - Ilsco,oec-20d,OEC-20D
SW-5 - Techspan,oec-20d,OEC-20D
SW-5 - PUC,oec-20d,OEC-20D
KSU23 - Burndy,oec-23d,OEC-23D
SK-2 - Ilsco,oec-23d,OEC-23D
SW-6 - Techspan,oec-23d,OEC-23D
SW-6 - PUC,oec-23d,OEC-23D
KSU25 - Burndy,oec-25d,OEC-25D
SK-1/0 - Ilsco,oec-25d,OEC-25D
SW-7 - Techspan,oec-25d,OEC-25D
SW-7 - PUC,oec-25d,OEC-25D
KSU26 - Burndy,oec-26d,OEC-26D
SK-2/0 - Ilsco,oec-26d,OEC-26D
SW-8 - Techspan,oec-26d,OEC-26D
SW-8 - PUC,oec-26d,OEC-26D
KSU27 - Burndy,oec-27d,OEC-27D
SW-9A - Techspan,oec-27d,OEC-27D
SW-9A - PUC,oec-27d,OEC-27D
KSU29 - Burndy,oec-29d,OEC-29D
SK-250 - Ilsco,oec-29d,OEC-29D
SW-10 - Techspan,oec-29d,OEC-29D
SW-10 - PUC,oec-29d,OEC-29D
KSU31 - Burndy,oec-31d,OEC-31D
SW-11 - Techspan,oec-31d,OEC-31D
SW-11 - PUC,oec-31d,OEC-31D
KSU34 - Burndy,oec-34d,OEC-34D
SW-12 - Techspan,oec-34d,OEC-34D
SW-12 - PUC,oec-34d,OEC-34D
SPSS-0 - Ilsco,oec-1s,OEC-1S
SPSS-6 - Ilsco,oec-7s,OEC-7S
SPSS-8 - Ilsco,oec-9s,OEC-9S
SPSL-0 - Ilsco,oec-21s,OEC-21S
SP0SS - TE,oec-21s,OEC-21S
SP1SS - TE,oec-22s,OEC-22S
SP2SS - TE,oec-23s,OEC-23S
SP3SS - TE,oec-24s,OEC-24S
SPSL-6 - Ilsco,oec-27s,OEC-27S
SPSL-8 - Ilsco,oec-29s,OEC-29S
SPDS-0 - Ilsco,oec-1l,OEC-1L
SPDS-6 - Ilsco,oec-7l,OEC-7L
SPDS-8 - Ilsco,oec-9l,OEC-9L
SPDL-0 - Ilsco,oec-21l,OEC-21L
SPDL-6 - Ilsco,oec-27l,OEC-27L
SPDL-8 - Ilsco,oec-29l,OEC-29L
KASB34U12 - Burndy,98601,98601
KASB34U38 - Burndy,98602,98602
KASB39U12 - Burndy,98604,98604
KASB39U58 - Burndy,98605,98605
KASB44U12 - Burndy,98606,98606
KASB44U38 - Burndy,98607,98607
KASB44U58 - Burndy,98608,98608
KASB44U34 - Burndy,98609,98609
KASB28U12 - Burndy,98615,98615
KASB28U38 - Burndy,98616,98616
KASB31U12 - Burndy,98617,98617
KASB31U38 - Burndy,98618,98618
KASB34U2N - Burndy,98611,98611
KASB39U2N - Burndy,98612,98612
KASB44U2N - Burndy,98613,98613
KASB28U2N - Burndy,98619,98619
ASBT-1000-U - TE,98619,98619
KASB31U2N - Burndy,98620,98620
KSSB28U - Burndy,98631,98631
KSSB31U - Burndy,98632,98632
ASBT-250-350-U - TE,98632,98632
KSSB34U - Burndy,98643,98643
KSSB39U - Burndy,98646,98646
KSSB44U - Burndy,98647,98647
BDBLCS5K3FS - Burndy,pdb-16-500-3,PDB-16-500-3
LDB-16-500-3 - Ilsco,pdb-16-500-3,PDB-16-500-3
DBBLCS5K2FS - Burndy,pdb-16-500-2,PDB-16-500-2
LDB-16-500-2 - Ilsco,pdb-16-500-2,PDB-16-500-2
BDBLCS5K1FS - Burndy,pdb-16-500-1,PDB-16-500-1
LDB-16-500-1 - Ilsco,pdb-16-500-1,PDB-16-500-1
BDBMCS5M3FS - Burndy,pdb-14-500-3,PDB-14-500-3
LDB-14-500-3 - Ilsco,pdb-14-500-3,PDB-14-500-3
BDBMCS5M2FS - Burndy,pdb-14-500-2,PDB-14-500-2
LDB-14-500-2 - Ilsco,pdb-14-500-2,PDB-14-500-2
BDBMCS5M1FS - Burndy,pdb-14-500-1,PDB-14-500-1
LDB-14-500-1 - Ilsco,pdb-14-500-1,PDB-14-500-1
BDBLCS4T3FS - Burndy,pdb-22-350-3,PDB-22-350-3
LDB-22-350-3 - Ilsco,pdb-22-350-3,PDB-22-350-3
BDBLCS4T2FS - Burndy,pdb-22-350-2,PDB-22-350-2
LDB-22-350-2 - Ilsco,pdb-22-350-2,PDB-22-350-2
BDBLCS4T1FS - Burndy,pdb-22-350-1,PDB-22-350-1
LDB-22-350-1 - Ilsco,pdb-22-350-1,PDB-22-350-1
BDBMCS3U3FS - Burndy,pdb-11-350-3,PDB-11-350-3
LDB-11-350-3 - Ilsco,pdb-11-350-3,PDB-11-350-3
BDBMCS3U2FS - Burndy,pdb-11-350-2,PDB-11-350-2
LDB-11-350-2 - Ilsco,pdb-11-350-2,PDB-11-350-2
BDBMCS3U1FS - Burndy,pdb-11-350-1,PDB-11-350-1
LDB-11-350-1 - Ilsco,pdb-11-350-1,PDB-11-350-1
BDBLCS4K3FS - Burndy,pdb-26-350-3,PDB-26-350-3
LDB-26-350-3 - Ilsco,pdb-26-350-3,PDB-26-350-3
BDBLCS4K2FS - Burndy,pdb-26-350-2,PDB-26-350-2
LDB-26-350-2 - Ilsco,pdb-26-350-2,PDB-26-350-2
BDBLCS3K3FS - Burndy,pdb-16-350-3,PDB-16-350-3
LDB-16-350-3 - Ilsco,pdb-16-350-3,PDB-16-350-3
BDBLCS3K2FS - Burndy,pdb-16-350-2,PDB-16-350-2
LDB-16-350-2 - Ilsco,pdb-16-350-2,PDB-16-350-2
BDBLCS3K1FS - Burndy,pdb-16-350-1,PDB-16-350-1
LDB-16-350-1 - Ilsco,pdb-16-350-1,PDB-16-350-1
LDB-212-350-3 - Ilsco,pdb-212-350-3,PDB-212-350-3
LDB-212-350-2 - Ilsco,pdb-212-350-2,PDB-212-350-2
LDB-212-350-1 - Ilsco,pdb-212-350-1,PDB-212-350-1
LDB-112A-350-3 - Ilsco,pdb-112a-350-3,PDB-112A-350-3
LDB-112A-350-2 - Ilsco,pdb-112a-350-2,PDB-112A-350-2
LDB-112A-350-1 - Ilsco,pdb-112a-350-1,PDB-112A-350-1
BDBLCS3A3FS - Burndy,pdb-112a-350-1,PDB-112A-350-1
BDBLCS3A2FS - Burndy,pdb-112-350-2,PDB-112-350-2
LDB-112-350-2 - Ilsco,pdb-112-350-2,PDB-112-350-2
BDBLCS3A1FS - Burndy,pdb-112-350-1,PDB-112-350-1
LDB-112-350-1 - Ilsco,pdb-112-350-1,PDB-112-350-1
LDB-22-250-3 - Ilsco,pdb-22-250-3,PDB-22-250-3
LDB-22-250-2 - Ilsco,pdb-22-250-2,PDB-22-250-2
LDB-22-250-1 - Ilsco,pdb-22-250-1,PDB-22-250-1
LDB-11-250-3 - Ilsco,pdb-11-250-3,PDB-11-250-3
LDB-11-250-2 - Ilsco,pdb-11-250-2,PDB-11-250-2
LDB-11-250-1 - Ilsco,pdb-11-250-1,PDB-11-250-1
LDB-26-250-3 - Ilsco,pdb-26-250-3,PDB-26-250-3
LDB-26-250-2 - Ilsco,pdb-26-250-2,PDB-26-250-2
LDB-26-250-1 - Ilsco,pdb-26-250-1,PDB-26-250-1
LDB-16-250-3 - Ilsco,pdb-16-250-3,PDB-16-250-3
LDB-16-250-2 - Ilsco,pdb-16-250-2,PDB-16-250-2
LDB-16-250-1 - Ilsco,pdb-16-250-1,PDB-16-250-1
LDB-212-250-3 - Ilsco,pdb-212-250-3,PDB-212-250-3
LDB-212-250-2 - Ilsco,pdb-212-250-2,PDB-212-250-2
LDB-212-250-1 - Ilsco,pdb-212-250-1,PDB-212-250-1
LDB-112A-250-3 - Ilsco,pdb-112a-250-3,PDB-112A-250-3
LDB-112A-250-2 - Ilsco,pdb-112a-250-2,PDB-112A-250-2
LDB-112A-250-1 - Ilsco,pdb-112a-250-1,PDB-112A-250-1
LDB-112-250-3 - Ilsco,pdb-112-250-3,PDB-112-250-3
LDB-112-250-2 - Ilsco,pdb-112-250-2,PDB-112-250-2
LDB-112-250-1 - Ilsco,pdb-112-250-1,PDB-112-250-1
LDB-212-4/0-3 - Ilsco,pdb-212-4-0-3,PDB-212-4/0-3
LDB-212-4/0-2 - Ilsco,pdb-212-4-0-2,PDB-212-4/0-2
LDB-212-4/0-1 - Ilsco,pdb-212-4-0-1,PDB-212-4/0-1
BDBMCS2N3FS - Burndy,pdb-22-2-0-3,PDB-22-2/0-3
LDB-22-2/0-3 - Ilsco,pdb-22-2-0-3,PDB-22-2/0-3
BDBMCS2N2FS - Burndy,pdb-22-2-0-2,PDB-22-2/0-2
LDB-22-2/0-2 - Ilsco,pdb-22-2-0-2,PDB-22-2/0-2
BDBMCS2N1FS - Burndy,pdb-22-2-0-1,PDB-22-2/0-1
LDB-22-2/0-1 - Ilsco,pdb-22-2-0-1,PDB-22-2/0-1
BDBSCS1P3FS - Burndy,pdb-11-2-0-3,PDB-11-2/0-3
LDB-11-2/0-3 - Ilsco,pdb-11-2-0-3,PDB-11-2/0-3
BDBSCS1P2FS - Burndy,pdb-11-2-0-2,PDB-11-2/0-2
LDB-11-2/0-2 - Ilsco,pdb-11-2-0-2,PDB-11-2/0-2
BDBSCS1P1FS - Burndy,pdb-11-2-0-1,PDB-11-2/0-1
LDB-11-2/0-1 - Ilsco,pdb-11-2-0-1,PDB-11-2/0-1
BDBMCS2F3FS - Burndy,pdb-26-2-0-3,PDB-26-2/0-3
LDB-26-2/0-3 - Ilsco,pdb-26-2-0-3,PDB-26-2/0-3
BDBMCS2F2FS - Burndy,pdb-26-2-0-2,PDB-26-2/0-2
BDBMCS2F1FS - Burndy,pdb-26-2-0-1,PDB-26-2/0-1
LDB-26-2/0-1 - Ilsco,pdb-26-2-0-1,PDB-26-2/0-1
LDB-26-2/0-2 - Ilsco,pdb-26-2-0-2,PDB-26-2/0-2
BDBSCS1C3FS - Burndy,pdb-14-2-0-3,PDB-14-2/0-3
LDB-14-2/0-3 - Ilsco,pdb-14-2-0-3,PDB-14-2/0-3
BDBSCS1C2FS - Burndy,pdb-14-2-0-2,PDB-14-2/0-2
LDB-14-2/0-2 - Ilsco,pdb-14-2-0-2,PDB-14-2/0-2
BDBSCS1C1FS - Burndy,pdb-14-2-0-1,PDB-14-2/0-1
LDB-14-2/0-1 - Ilsco,pdb-14-2-0-1,PDB-14-2/0-1
PBTS-2-4 - Ilsco,60001,60001
IT-4 - Polaris,60001,60001
PBTS-3-4 - Ilsco,62001,62001
IPL4-3 - Polaris,62001,62001
ECTS-2-4 - Ilsco,60001c,60001C
ECTS-3-4 - Ilsco,62001c,62001C
PBTS-4-4 - Ilsco,62002,62002
IPL4-4 - NSI,62002,62002
ECTS-4-4 - Ilsco,62002c,62002C
PBTS-5-4 - Ilsco,62003,62003
IPL4-5 - Polaris,62003,62003
ECTS-5-4 - Ilsco,62003c,62003C
PBTS-6-4 - Ilsco,62004,62004
IPL4-6 - NSI,62004,62004
ECTS-6-4 - Ilsco,62004c,62004C
PBTS-7-4 - Ilsco,62005,62005
IPL4-7 - Polaris,62005,62005
ECTS-7-4 - Ilsco,62005c,62005C
PBTS-8-4 - Ilsco,62006,62006
IPL4-8 - Polaris,62006,62006
ECTS-8-4 - Ilsco,62006c,62006C
PBTS-9-4 - Ilsco,62007,62007
IPL4-9 - Polaris,62007,62007
ECTS-9-4 - Ilsco,62007c,62007C
PBTS-10-4 - Ilsco,62008,62008
IPL4-10 - Polaris,62008,62008
ECTS-10-4 - Ilsco,62008c,62008C
PBTS-11-4 - Ilsco,62009,62009
IPL4-11 - Polaris,62009,62009
ECTS-11-4 - Ilsco,62009c,62009C
PBTS-12-4 - Ilsco,62010,62010
IPL4-12 - Polaris,62010,62010
ECTS-12-4 - Ilsco,62010c,62010C
PBTS-13-4 - Ilsco,62011,62011
IPL4-13 - Polaris,62011,62011
ECTS-13-4 - Ilsco,62011c,62011C
PBTS-14-4 - Ilsco,62012,62012
IPL4-14 - Polaris,62012,62012
ECTS-14-4 - Ilsco,62012c,62012C
IPL2-3 - Polaris,62013a,62013A
IPL2-4 - Polaris,62014a,62014A
IPL2-5 - Polaris,62015a,62015A
IPL2-6 - Polaris,62016a,62016A
IPL2-7 - Polaris,62017a,62017A
IPL2-8 - Polaris,62018a,62018A
IPL2-9 - Polaris,62019a,62019A
IPL2-10 - Polaris,62020a,62020A
IPL2-11 - Polaris,62021a,62021A
IPL2-12 - Polaris,62022a,62022A
PBTS-2-1/0 - Ilsco,60003,60003
IT-1/0 - Polaris,60003,60003
ECTS-2-1/0 - Ilsco,60003c,60003C
PBTS-3-1/0 - Ilsco,62013,62013
IPL1/0-3 - Polaris,62013,62013
ECTS-3-1/0 - Ilsco,62013c,62013C
PBTS-4-1/0 - Ilsco,62014,62014
IPL1/0-4 - Polaris,62014,62014
ECTS-4-1/0 - Ilsco,62014c,62014C
PBTS-5-1/0 - Ilsco,62015,62015
IPL1/0-5 - Polaris,62015,62015
ECTS-5-1/0 - Ilsco,62015c,62015C
PBTS-6-1/0 - Ilsco,62016,62016
IPL1/0-6 - Polaris,62016,62016
ECTS-6-1/0 - Ilsco,62016c,62016C
PBTS-7-1/0 - Ilsco,62017,62017
IPL1/0-7 - Polaris,62017,62017
ECTS-7-1/0 - Ilsco,62017c,62017C
PBTO-3/0 - Ilsco,60004z,60004Z
ITO-3/0 - Polaris,60004z,60004Z
ITO-1/0 - NSI,60003dz,60003DZ
PBTO-4 - Ilsco,60002z,60002Z
ITO-4 - Polaris,60002z,60002Z
PBT-750 - Ilsco,61005,61005
ISRH-750 - Polaris,61005,61005
ECT-750 - Ilsco,61005c,61005C
ISR-600 - Polaris,61005a,61005A
PBT-500 - Ilsco,61004,61004
ISR-500 - Polaris,61004,61004
ECT-500 - Ilsco,61004c,61004C
IPLMD600-10 - Polaris,65048b,65048B
IPLMD600-8 - Polaris,65046b,65046B
PBT-350 - Ilsco,61003,61003
ISR-350 - Polaris,61003,61003
ECT-350 - Ilsco,61003c,61003C
PBT-250 - Ilsco,61002,61002
ISR-250 - Polaris,61002,61002
ECT-250 - Ilsco,61002c,61002C
PBT-1/0 - Ilsco,61001,61001
ISR-1/0 - Polaris,61001,61001
ECT-1/0 - Ilsco,61001c,61001C
PBTD-12-750-M - Ilsco,65050,65050
IPLMD750-12 - Polaris,65050,65050
ECTD-12-750-M - Ilsco,65050c,65050C
PBTD-11-750-M - Ilsco,65049,65049
ECTD-11-750-M - Ilsco,65049c,65049C
PBTD-10-750-M - Ilsco,65048,65048
IPLMD750-10 - Polaris,65048,65048
ECTD-10-750-M - Ilsco,65048c,65048C
PBTD-9-750-M - Ilsco,pbtd-9-750-m,PBTD-9-750-M
IPLMD750-9 - Polaris,pbtd-9-750-m,PBTD-9-750-M
ECTD-9-750-M - Ilsco,65047c,65047C
PBTD-8-750-M - Ilsco,65046,65046
IPLMD750-8 - Polaris,65046,65046
ECTD-8-750-M - Ilsco,65046c,65046C
PBTD-7-750-M - Ilsco,65045,65045
IPLMD750-7 - Polaris,65045,65045
ECTD-7-750-M - Ilsco,65045c,65045C
PBTD-6-750-M - Ilsco,65044,65044
IPLMD750-6 - NSI,65044,65044
IPBBM-NA750-6D - Penn Union,65044c,65044C
PBTD-5-750-M - Ilsco,65043,65043
IPLMD750-5 - Polaris,65043,65043
ECTD-5-750-M - Ilsco,65043c,65043C
PBTD-4-750-M - Ilsco,65042,65042
IPLMD750-4 - NSI,65042,65042
IPBBM-NA750-4D - Penn Union,65042c,65042C
PBTD-3-750-M - Ilsco,65041,65041
IPLMD750-3 - Polaris,65041,65041
ECTD-3-750-M - Ilsco,65041c,65041C
PBTD-2-750 - Ilsco,60010m,60010M
IPLMD600-12 - Polaris,65050b,65050B
IPLMD600-7 - Polaris,65045b,65045B
IPLMD600-5 - Polaris,65043b,65043B
PBTD-2-500-M - Ilsco,60008m,60008M
ECTD-2-500-M - Ilsco,60008mc,60008MC
IPLM1/0-10 - Polaris,64020,64020
IPLM1/0-9 - Polaris,64019,64019
IPLM1/0-8 - Polaris,64018,64018
IPLM1/0-7 - Polaris,64017,64017
IPLM1/0-6 - Polaris,64016,64016
IPLM1/0-5 - Polaris,64015,64015
IPLM1/0-4 - Polaris,64014,64014
IPLM1/0-3 - Polaris,64013,64013
IPL2/0-3 - Polaris,62025a,62025A
IPL2/0-4 - Polaris,62026a,62026A
IPL2/0-5 - Polaris,62027a,62027A
IPL2/0-6 - NSI,62028a,62028A
IPL2/0-7 - Polaris,62029a,62029A
IPL2/0-9 - Polaris,62031a,62031A
IPL2/0-10 - Polaris,62032a,62032A
IPL2/0-11 - Polaris,62033a,62033A
IPL2/0-12 - Polaris,62034a,62034A
PBTS-8-1/0 - Ilsco,62018,62018
IPL1/0-8 - Polaris,62018,62018
ECTS-8-1/0 - Ilsco,62018c,62018C
PBTS-9-1/0 - Ilsco,62019,62019
IPL1/0-9 - Polaris,62019,62019
ECTS-9-1/0 - Ilsco,62019c,62019C
PBTS-10-1/0 - Ilsco,62020,62020
IPL1/0-10 - Polaris,62020,62020
ECTS-10-1/0 - Ilsco,62020c,62020C
PBTS-11-1/0 - Ilsco,62021,62021
IPL1/0-11 - Polaris,62021,62021
ECTS-11-1/0 - Ilsco,62021c,62021C
PBTS-12-1/0 - Ilsco,62022,62022
IPL1/0-12 - Polaris,62022,62022
ECTS-12-1/0 - Ilsco,62022c,62022C
PBTS-13-1/0 - Ilsco,62023,62023
IPL1/0-13 - Polaris,62023,62023
ECTS-13-1/0 - Ilsco,62024,62024
ECTS-14-1/0 - Ilsco,62024c,62024C
PBTS-2-3/0 - Ilsco,60005,60005
IT-3/0 - NSI,60005,60005
ECTS-2-3/0 - Ilsco,60005c,60005C
PBTS-3-3/0 - Ilsco,62025,62025
IPL3/0-3 - Polaris,62025,62025
ECTS-3-3/0 - Ilsco,62025c,62025C
PBTS-4-3/0 - Ilsco,62026,62026
IPL3/0-4 - Polaris,62026,62026
ECTS-4-3/0 - Ilsco,62026c,62026C
PBTS-5-3/0 - Ilsco,62027,62027
IPL3/0-5 - Polaris,62027,62027
ECTS-5-3/0 - Ilsco,62027c,62027C
PBTS-6-3/0 - Ilsco,62028,62028
IPL3/0-6 - Polaris,62028,62028
ECTS-6-3/0 - Ilsco,62028c,62028C
PBTS-7-3/0 - Ilsco,62029,62029
IPL3/0-7 - Polaris,62029,62029
ECTS-7-3/0 - Ilsco,62029c,62029C
PBTS-8-3/0 - Ilsco,62030,62030
IPL3/0-8 - NSI,62030,62030
PBTS-9-3/0 - Ilsco,62031,62031
IPL3/0-9 - Polaris,62031,62031
ECTS-9-3/0 - Ilsco,62031c,62031C
PBTS-10-3/0 - Ilsco,62032,62032
IPL3/0-10 - Polaris,62032,62032
ECTS-10-3/0 - Ilsco,62032c,62032C
PBTS-11-3/0 - Ilsco,62033,62033
IPL3/0-11 - Polaris,62033,62033
ECTS-11-3/0 - Ilsco,62033c,62033C
PBTS-12-3/0 - Ilsco,62034,62034
IPL3/0-12 - Polaris,62034,62034
ECTS-12-3/0 - Ilsco,62034c,62034C
PBTD-2-1/0 - Ilsco,60003d,60003D
PBTS-13-3/0 - Ilsco,62035,62035
IPL3/0-13 - Ilsco,62035,62035
ECTS-13-3/0 - Ilsco,62035c,62035C
PBTS-14-3/0 - Ilsco,62036,62036
IPL3/0-14 - Polaris,62036,62036
ECTS-14-3/0 - Ilsco,62036c,62036C
PBTS-2-250 - Ilsco,60006a,60006A
BIT250 - Burndy,60006ac,60006AC
PBTS-3-250 - Ilsco,62037,62037
IPL250-3 - Polaris,62037,62037
ECTS-3-250 - Ilsco,62037c,62037C
PBTS-4-250 - Ilsco,62038,62038
IPL250-4 - NSI,62038,62038
ECTS-4-250 - Ilsco,62038c,62038C
PBTS-5-250 - Ilsco,62039,62039
IPL250-5 - Polaris,62039,62039
ECTS-5-250 - Ilsco,62039c,62039C
PBTS-6-250 - Ilsco,62040,62040
IPL250-6 - NSI,62040,62040
ECTS-6-250 - Ilsco,62040c,62040C
PBTS-7-250 - Ilsco,62041,62041
IPL250-7 - Polaris,62041,62041
ECTS-7-250 - Ilsco,62041c,62041C
PBTS-8-250 - Ilsco,62042,62042
IPL250-8 - NSI,62042,62042
ECTS-8-250 - Ilsco,62042c,62042C
PBTS-9-250 - Ilsco,62043,62043
IPL250-9 - Polaris,62043,62043
ECTS-9-250 - Ilsco,62043c,62043C
PBTS-10-250 - Ilsco,62044,62044
IPL250-10 - Polaris,62044,62044
ECTS-10-250 - Ilsco,62044c,62044C
PBTS-11-250 - Ilsco,62045,62045
IPL250-11 - Polaris,62045,62045
ECTS-11-250 - Ilsco,62045c,62045C
PBTS-12-250 - Ilsco,62046,62046
IPL250-12 - Polaris,62046,62046
ECTS-12-250 - Ilsco,62046c,62046C
PBTS-13-250 - Ilsco,62047,62047
IPL250-13 - Polaris,62047,62047
ECTS-13-250 - Ilsco,62047c,62047C
PBTS-14-250 - Ilsco,62048,62048
IPL250-14 - Polaris,62048,62048
ECTS-14-250 - Ilsco,62048c,62048C
PBTS-2-350 - Ilsco,60007a,60007A
1PL3502 - Burndy,60007a,60007A
PBTS-3-350 - Ilsco,62049,62049
IPL350-3 - NSI,62049,62049
ECTS-3-350 - Ilsco,62049c,62049C
PBTS-4-350 - Ilsco,62050,62050
IPL350-4 - NSI,62050,62050
ECTS-4-350 - Ilsco,62050c,62050C
PBTS-5-350 - Ilsco,62051,62051
IPL350-5 - Polaris,62051,62051
IPBB-NA350-5S - Penn Union,62051c,62051C
PBTS-6-350 - Ilsco,62052,62052
IPL350-6 - Polaris,62052,62052
IPBB-NA350-6S - Penn Union,62052c,62052C
PBTS-7-350 - Ilsco,62053,62053
IPL350-7 - Polaris,62053,62053
ECTS-7-350 - Ilsco,62053c,62053C
PBTS-8-350 - Ilsco,62054,62054
IPL350-8 - NSI,62054,62054
PBTS-9-350 - Ilsco,62055,62055
IPL350-9 - Polaris,62055,62055
ECTS-9-350 - Ilsco,62055c,62055C
PBTS-10-350 - Ilsco,62056,62056
IPL350-10 - Polaris,62056,62056
ECTS-10-350 - Ilsco,62056c,62056C
PBTS-11-350 - Ilsco,62057,62057
IPL350-11 - Polaris,62057,62057
ECTS-11-350 - Ilsco,62057c,62057C
PBTS-12-350 - Ilsco,62058,62058
IPL350-12 - Polaris,62058,62058
ECTS-12-350 - Ilsco,62058c,62058C
PBTS-13-350 - Ilsco,62059,62059
IPL350-13 - Polaris,62059,62059
ECTS-13-350 - Ilsco,62059c,62059C
IPL350-14 - Polaris,62060,62060
PBTS-14-350 - Ilsco,62060,62060
ECTS-14-350 - Ilsco,62060c,62060C
PBTS-2-500 - Ilsco,60008a,60008A
IT-500 - NSI,60008ac,60008AC
PBTS-3-500 - Ilsco,62061,62061
IPL500-3 - Polaris,62061,62061
ECTS-3-500 - Ilsco,62061c,62061C
PBTS-4-500 - Ilsco,62062,62062
IPL500-4 - Polaris,62062,62062
ECTS-4-500 - Ilsco,62062c,62062C
PBTS-5-500 - Ilsco,62063,62063
IPL500-5 - NSI,62063,62063
PBTS-6-500 - Ilsco,62064,62064
IPL500-6 - Polaris,62064,62064
ECTS-6-500 - Ilsco,62064c,62064C
PBTS-7-500 - Ilsco,62065,62065
IPL500-7 - Polaris,62065,62065
ECTS-7-500 - Ilsco,62065c,62065C
PBTS-8-500 - Ilsco,62066,62066
IPL500-8 - NSI,62066,62066
PBTS-9-500 - Ilsco,62067,62067
IPL500-9 - Polaris,62067,62067
ECTS-9-500 - Ilsco,62067c,62067C
PBTS-10-500 - Ilsco,62068,62068
IPL500-10 - Polaris,62068,62068
ECTS-10-500 - Ilsco,62068,62068
PBTS-11-500 - Ilsco,62069,62069
IPL500-11 - Polaris,62069,62069
ECTS-11-500 - Ilsco,62069c,62069C
PBTS-12-500 - Ilsco,62070,62070
IPL500-12 - Polaris,62070,62070
ECTS-12-500 - Ilsco,62070c,62070C
PBTS-13-500 - Ilsco,62071,62071
IPL500-13 - Polaris,62071,62071
ECTS-13-500 - Ilsco,62071c,62071C
PBTS-14-500 - Ilsco,62072,62072
IPL500-14 - Polaris,62072,62072
ECTS-14-500 - Ilsco,62072c,62072C
IPBB-NA750-3S - Penn Union,62073a,62073A
IPL600-5 - Polaris,62075a,62075A
IPBB-NA750-6S - Penn Union,62076a,62076A
IPL600-7 - Polaris,62077a,62077A
IPBB-NA750-8S - Penn Union,62078a,62078A
IPL600-10 - Polaris,62080a,62080A
IPL600-11 - Polaris,62081a,62081A
IPL600-12 - Polaris,62082a,62082A
PBTS-2-750 - Ilsco,60010a,60010A
IPBB-NA750-2S - Penn Union,60010ac,60010AC
PBTD-12-500-M - Ilsco,65040,65040
ECTD-12-500-M - Ilsco,65040c,65040C
PBTD-11-500-M - Ilsco,65039,65039
ECTD-11-500-M - Ilsco,65039c,65039C
PBTD-10-500-M - Ilsco,65038,65038
IPLMD500-10 - Polaris,65038,65038
ECTD-10-500-M - Ilsco,65038c,65038C
PBTS-3-750 - Ilsco,62073,62073
IPL750-3 - Polaris,62073,62073
ECTS-3-750 - Ilsco,62073c,62073C
PBTS-4-750 - Ilsco,62074,62074
IPL750-4 - Polaris,62074,62074
ECTS-4-750 - Ilsco,62074c,62074C
PBTS-5-750 - Ilsco,62075,62075
IPL750-5 - Polaris,62075,62075
ECTS-5-750 - Ilsco,62075c,62075C
PBTS-6-750 - Ilsco,62076,62076
IPL750-6 - Polaris,62076,62076
ECTS-6-750 - Ilsco,62076c,62076C
PBTS-7-750 - Ilsco,62077,62077
IPL750-7 - Polaris,62077,62077
ECTS-7-750 - Ilsco,62077c,62077C
PBTS-8-750 - Ilsco,62078,62078
IPL750-8 - Polaris,62078,62078
ECTS-8-750 - Ilsco,62078c,62078C
PBTS-9-750 - Ilsco,62079,62079
ECTS-9-750 - Ilsco,62079c,62079C
PBTS-10-750 - Ilsco,62080,62080
IPL750-10 - Polaris,62080,62080
ECTS-10-750 - Ilsco,62080c,62080C
PBTS-11-750 - Ilsco,62081,62081
IPL750-11 - Polaris,62081,62081
ECTS-11-750 - Ilsco,62081c,62081C
PBTS-12-750 - Ilsco,62082,62082
IPL750-12 - Polaris,62082,62082
ECTS-12-750 - Ilsco,62082c,62082C
PBTS-13-750 - Ilsco,62083,62083
IPL750-13 - Polaris,62083,62083
ECTS-13-750 - Ilsco,62083c,62083C
PBTS-14-750 - Ilsco,62084,62084
IPL750-14 - Polaris,62084,62084
ECTS-14-750 - Ilsco,62084c,62084C
PBTD-2-4 - Ilsco,60002,60002
ECTD-2-4 - Ilsco,60002c,60002C
PBTD-7-4 - Ilsco,63005a,63005A
PBTD-9-4 - Ilsco,63007a,63007A
PBTD-10-4 - Ilsco,63008a,63008A
PBTD-11-4 - Ilsco,63009a,63009A
PBTD-12-4 - Ilsco,63010a,63010A
PBTD-9-500-M - Ilsco,65037,65037
ECTD-9-500-M - Ilsco,65037c,65037C
IPLMD500-9 - Polaris,65037,65037
PBTD-8-500-M - Ilsco,65036,65036
IPLMD500-8 - Polaris,65036,65036
ECTD-8-500-M - Ilsco,65036c,65036C
PBTD-7-500-M - Ilsco,65035,65035
ECTD-7-500-M - Ilsco,65035c,65035C
PBTD-6-500-M - Ilsco,65034,65034
IPLMD500-6 - Polaris,65034,65034
ECTD-6-500-M - Ilsco,65034c,65034C
PBTD-5-500-M - Ilsco,65033,65033
IPLMD500-5 - Polaris,65033,65033
ECTD-5-500-M - Ilsco,65033c,65033C
PBTD-4-500-M - Ilsco,65032,65032
IPLMD500-4 - Polaris,65032,65032
ECTD-4-500-M - Ilsco,65032c,65032C
PBTD-3-500-M - Ilsco,65031,65031
IPLMD500-3 - Polaris,65031,65031
ECTD-3-500-M - Ilsco,65031c,65031C
PBTD-12-350-M - Ilsco,65030,65030
IPLMD350-12 - Polaris,65030,65030
ECTD-12-350-M - Ilsco,65030c,65030C
PBTD-11-350-M - Ilsco,65029,65029
ECTD-11-350-M - Ilsco,65029c,65029C
PBTD-10-350-M - Ilsco,65028,65028
IPLMD350-10 - Polaris,65028,65028
ECTD-10-350-M - Ilsco,65028c,65028C
PBTD-9-350-M - Ilsco,65027,65027
IPLMD350-9 - Polaris,65027,65027
ECTD-9-350-M - Ilsco,65027c,65027C
PBTD-8-350-M - Ilsco,65026,65026
IPLMD350-8 - Polaris,65026,65026
ECTD-8-350-M - Ilsco,65026c,65026C
PBTD-7-350-M - Ilsco,65025,65025
IPLMD350-7 - Polaris,65025,65025
ECTD-7-350-M - Ilsco,65025c,65025C
PBTD-6-350-M - Ilsco,65024,65024
IPLMD350-6 - Polaris,65024,65024
ECTD-6-350-M - Ilsco,65024c,65024C
PBTD-5-350-M - Ilsco,65023,65023
IPLMD350-5 - Polaris,65023,65023
ECTD-5-350-M - Ilsco,65023c,65023C
PBTD-4-350-M - Ilsco,65022,65022
IPLMD350-4 - NSI,65022,65022
IPBBM-NA350-4D - Penn Union,65022c,65022C
PBTD-3-350-M - Ilsco,65021,65021
IPLMD350-3 - Polaris,65021,65021
ECTD-3-350-M - Ilsco,65021c,65021C
PBTD-2-350-M - Ilsco,60007m,60007M
ECTD-2-350-M - Ilsco,60007mc,60007MC
PBTD-12-250-M - Ilsco,65020,65020
IPLMD250-12 - Polaris,65020,65020
ECTD-12-250-M - Ilsco,65020c,65020C
PBTD-11-250-M - Ilsco,65019,65019
ECTD-11-250-M - Ilsco,65019c,65019C
PBTD-10-250-M - Ilsco,65018,65018
ECTD-10-250-M - Ilsco,65018c,65018C
PBTD-9-250-M - Ilsco,65017,65017
IPLMD250-9 - Polaris,65017,65017
ECTD-9-250-M - Ilsco,65017c,65017C
PBTD-2-3/0-M - Ilsco,60004m,60004M
ECTD-2-3/0-M - Ilsco,60004mc,60004MC
PBTD-3-3/0-M - Ilsco,65001,65001
IPLMD3/0-3 - Polaris,65001,65001
ECTD-3-3/0-M - Ilsco,65001c,65001C
PBTD-4-3/0-M - Ilsco,65002,65002
IPLMD3/0-4 - Polaris,65002,65002
ECTD-4-3/0-M - Ilsco,65002c,65002C
PBTD-5-3/0-M - Ilsco,65003,65003
IPLMD3/0-5 - Polaris,65003,65003
ECTD-5-3/0-M - Ilsco,65003c,65003C
PBTD-6-3/0-M - Ilsco,65004,65004
IPLMD3/0-6 - Polaris,65004,65004
ECTD-6-3/0-M - Ilsco,65004c,65004C
PBTD-7-3/0-M - Ilsco,65005,65005
IPLMD3/0-7 - Polaris,65005,65005
ECTD-7-3/0-M - Ilsco,65005c,65005C
PBTD-8-3/0-M - Ilsco,65006,65006
IPLMD3/0-8 - Polaris,65006,65006
ECTD-8-3/0-M - Ilsco,65006c,65006C
PBTD-9-3/0-M - Ilsco,65007,65007
IPLMD3/0-9 - Polaris,65007,65007
ECTD-9-3/0-M - Ilsco,65007c,65007C
PBTD-10-3/0-M - Ilsco,65008,65008
IPLMD3/0-10 - Polaris,65008,65008
ECTD-10-3/0-M - Ilsco,65008c,65008C
PBTD-11-3/0-M - Ilsco,65009,65009
ECTD-11-3/0-M - Ilsco,65009c,65009C
PBTD-12-3/0-M - Ilsco,65010,65010
ECTD-12-3/0-M - Ilsco,65010c,65010C
PBTD-2-250-M - Ilsco,60006m,60006M
ECTD-2-250-M - Ilsco,60006mc,60006MC
PBTD-3-250-M - Ilsco,65011,65011
IPLMD250-3 - NSI,65011,65011
IPBBM-NA250-3D - Penn Union,65011c,65011C
PBTD-4-250-M - Ilsco,65012,65012
IPLMD250-4 - Polaris,65012,65012
IPBBM-NA250-4D - Penn Union,65012c,65012C
PBTD-5-250-M - Ilsco,65013,65013
ECTD-5-250-M - Ilsco,65013c,65013C
IPLMD250-5 - Polaris,65013,65013
PBTD-6-250-M - Ilsco,65014,65014
IPLMD250-6 - Polaris,65014,65014
ECTD-6-250-M - Ilsco,65014c,65014C
PBTD-7-250-M - Ilsco,65015,65015
IPLMD250-7 - Polaris,65015,65015
ECTD-7-250-M - Ilsco,65015c,65015C
PBTD-8-250-M - Ilsco,65016,65016
IPLMD250-8 - Polaris,65016,65016
ECTD-8-250-M - Ilsco,65016c,65016C
PBTD-2-3/0 - Ilsco,60004,60004
ECTD-2-3/0 - Ilsco,60004c,60004C
PBTD-3-3/0 - Ilsco,63001,63001
IPLD3/0-3 - Polaris,63001,63001
PBTD-4-3/0 - Ilsco,63002,63002
IPLD3/0-4 - NSI,63002,63002
PBTD-5-3/0 - Ilsco,63003,63003
IPLD3/0-5 - Polaris,63003,63003
PBTD-6-3/0 - Ilsco,63004,63004
IPLD3/0-6 - Polaris,63004,63004
PBTD-7-3/0 - Ilsco,63005,63005
IPLD3/0-7 - Polaris,63005,63005
PBTD-8-3/0 - Ilsco,63006,63006
IPLD3/0-8 - Polaris,63006,63006
PBTD-9-3/0 - Ilsco,63007,63007
IPLD3/0-9 - Polaris,63007,63007
PBTD-10-3/0 - Ilsco,63008,63008
IPLD3/0-10 - Polaris,63008,63008
PBTD-11-3/0 - Ilsco,63009,63009
IPLD3/0-11 - Polaris,63009,63009
IPLD3/0-12 - Polaris,63010,63010
ECTD-12-3/0 - Ilsco,63010c,63010C
PBTD-2-250 - Ilsco,60006,60006
IT-250 - NSI,60006,60006
ECTD-2-250 - Ilsco,60006c,60006C
PBTD-3-250 - Ilsco,63011,63011
IPLD250-3 - Polaris,63011,63011
BIBD250-3 - Burndy,63011c,63011C
PBTD-4-250 - Ilsco,63012,63012
BIBD250-4 - Burndy,63012c,63012C
IPLD250-4 - Polaris,63012,63012
PBTD-5-250 - Ilsco,63013,63013
IPB-NA250-5D - Penn Union,63013c,63013C
PBTD-6-250 - Ilsco,63014,63014
IPLD250-6 - Polaris,63014,63014
BIBD250-6 - Burndy,63014c,63014C
PBTD-7-250 - Ilsco,63015,63015
IPLD250-7 - Polaris,63015,63015
ECTD-7-250 - Ilsco,63015c,63015C
PBTD-8-250 - Ilsco,63016,63016
IPLD250-8 - Polaris,63016,63016
IPB-NA250-8D - Penn Union,63016c,63016C
PBTD-9-250 - Ilsco,63017,63017
IPLD250-9 - Polaris,63017,63017
ECTD-9-250 - Ilsco,63017c,63017C
PBTD-10-250 - Ilsco,63018,63018
IPLD250-10 - Polaris,63018,63018
IPBB-NA250-10D - Penn Union,63018c,63018C
PBTD-11-250 - Ilsco,63019,63019
IPLD250-11 - Polaris,63019,63019
ECTD-11-250 - Ilsco,63019c,63019C
PBTD-12-250 - Ilsco,63020,63020
IPLD250-12 - Polaris,63020,63020
IPBB-NA250-12D - Penn Union,63020c,63020C
PBTD-2-350 - Ilsco,60007,60007
IT-350 - NSI,60007,60007
ECTD-2-350 - Ilsco,60007c,60007C
PBTD-3-350 - Ilsco,63021,63021
IPLD350-3 - Polaris,63021,63021
BIBD350-3 - Burndy,63021c,63021C
PBTD-4-350 - Ilsco,63022,63022
IPLD350-4 - Polaris,63022,63022
BIBD350-4 - Burndy,63022c,63022C
PBTD-5-350 - Ilsco,63023,63023
IPLD350-5 - Polaris,63023,63023
IPB-NA350-5D - Penn Union,63023c,63023C
PBTD-6-350 - Ilsco,63024,63024
IPLD350-6 - Polaris,63024,63024
BIBD350-6 - Burndy,63024c,63024C
PBTD-7-350 - Ilsco,63025,63025
IPLD350-7 - NSI,63025,63025
PBTD-8-350 - Ilsco,63026,63026
IPLD350-8 - Polaris,63026,63026
BIBD350-8 - Burndy,63026c,63026C
PBTD-9-350 - Ilsco,63027,63027
IPLD350-9 - Polaris,63027,63027
ECTD-9-350 - Ilsco,63027c,63027C
PBTD-10-350 - Ilsco,63028,63028
IPLD350-10 - Polaris,63028,63028
IPBB-NA350-10D - Penn Union,63028c,63028C
PBTD-11-350 - Ilsco,63029,63029
IPLD350-11 - Polaris,63029,63029
ECTD-11-350 - Ilsco,63029c,63029C
PBTD-12-350 - Ilsco,63030,63030
IPLD350-12 - Polaris,63030,63030
ECTD-12-350 - Ilsco,63030c,63030C
PBTD-2-500 - Ilsco,60008,60008
IT-500 - NSI,60008,60008
ECTD-2-500 - Ilsco,60008c,60008C
PBTD-3-500 - Ilsco,63031,63031
IPLD500-3 - Polaris,63031,63031
ECTD-3-500 - Ilsco,63031c,63031C
PBTD-4-500 - Ilsco,63032,63032
IPLD500-4 - Polaris,63032,63032
ECTD-4-500 - Ilsco,63032c,63032C
PBTD-5-500 - Ilsco,63033,63033
IPLD500-5 - Polaris,63033,63033
ECTD-5-500 - Ilsco,63033c,63033C
PBTD-6-500 - Ilsco,63034,63034
IPLD500-6 - Polaris,63034,63034
ECTD-6-500 - Ilsco,63034c,63034C
PBTD-7-500 - Ilsco,63035,63035
IPLD500-7 - Polaris,63035,63035
ECTD-7-500 - Ilsco,63035c,63035C
PBTD-8-500 - Ilsco,63036,63036
IPLD500-8 - Polaris,63036,63036
ECTD-8-500 - Ilsco,63036c,63036C
PBTD-9-500 - Ilsco,63037,63037
IPLD500-9 - Polaris,62037,62037
ECTD-9-500 - Ilsco,63037c,63037C
IPLD250-5 - Polaris,63013,63013
PBTD-10-500 - Ilsco,63038,63038
IPLD500-10 - NSI,63038,63038
PBTD-11-500 - Ilsco,63039,63039
IPLD500-11 - Polaris,63039,63039
ECTD-11-500 - Ilsco,63039c,63039C
PBTD-12-500 - Ilsco,63040,63040
IPLD500-12 - Polaris,63040,63040
ECTD-12-500 - Ilsco,63040c,63040C
IT-600 - Polaris,60009a,60009A
IPLD600-9 - Polaris,63047b,63047B
IPLD600-11 - Polaris,63049b-2,63049B
PBTD-3-750 - Ilsco,63041,63041
IPLD750-3 - Polaris,63041,63041
IPB-NA750-3D - Penn Union,63041c,63041C
PBTD-4-750 - Ilsco,63042,63042
IPLD750-4 - Polaris,63042,63042
IPB-NA750-4D - Penn Union,63042c,63042C
PBTD-5-750 - Ilsco,63043,63043
IPLD750-5 - Polaris,63043,63043
IPB-NA750-5D - Penn Union,63043c,63043C
PBTD-6-750 - Ilsco,63044,63044
IPLD750-6 - Polaris,63044,63044
IPB-NA750-6D - Penn Union,63044c,63044C
PBTD-7-750 - Ilsco,63045,63045
IPLD750-7 - NSI,63045,63045
PBTD-8-750 - Ilsco,63046,63046
IPLD750-8 - Polaris,63046,63046
IPB-NA750-8D - Penn Union,63046c,63046C
PBTD-9-750 - Ilsco,63047,63047
IPLD750-9 - Polaris,63047,63047
ECTD-9-750 - Ilsco,63047c,63047C
PBTD-10-750 - Ilsco,63048,63048
IPLD750-10 - Polaris,63048,63048
IPB-NA750-10D - Penn Union,63048c,63048C
PBTD-11-750 - Ilsco,63049,63049
IPLD750-11 - Polaris,63049,63049
ECTD-11-750 - Ilsco,63049c,63049C
PBTD-12-750 - Ilsco,63050,63050
IPLD750-12 - Polaris,63050,63050
IPBB-NA750-12D - Penn Union,63050c,63050C
CZ-11 - Burndy,oe-01z,OE-01Z
DCGC-1 - Ilsco,oe-01z,OE-01Z
C-11D - Burndy,oe-01db,OE-01DB
BGC-1DB - Ilsco,oe-01db,OE-01DB
C-22D - Burndy,oe-02db,OE-02DB
J2124 - Ilsco,oe-03sb,OE-03SB
J6 - Ilsco,oe-04sb,OE-04SB
AGC-2 - Ilsco,22102wl,22102WL
AGC-4 - Ilsco,22103wl,22103WL
GB4C - Burndy,ogm-1,OGM-1
GM-1 - Ilsco,ogm-1,OGM-1
GB26 - Burndy,ogm-2,OGM-2
GM-2 - Ilsco,ogm-2,OGM-2
GB29 - Burndy,ogm-3,OGM-3
GM-3 - Ilsco,ogm-3,OGM-3
GB34 - Burndy,ogm-4,OGM-4
GM-4 - Ilsco,ogm-4,OGM-4
GM-5 - Ilsco,ogm-5,OGM-5
GM-6 - Ilsco,ogm-6,OGM-6
GBM4C - Burndy,ogms-1,OGMS-1
GMS-1 - Ilsco,ogms-1,OGMS-1
GBM26 - Burndy,ogms-2,OGMS-2
GMS-2 - Ilsco,ogms-2,OGMS-2
GBM29 - Burndy,ogms-3,OGMS-3
GMS-3 - Ilsco,ogms-3,OGMS-3
GBM34 - Burndy,ogms-4,OGMS-4
GMS-4 - Ilsco,ogms-4,OGMS-4
GMS-5 - Ilsco,ogms-5,OGMS-5
GMS-6 - Ilsco,ogms-6,OGMS-6
GC4C4C - Burndy,51031,51031
GH-1 - Ilsco,51031,51031
GC2626 - Burndy,51032,51032
GH-2 - Ilsco,51032,51032
GC2929 - Burndy,51033,51033
GH-3 - Ilsco,51033,51033
GC3434 - Burndy,51034,51034
GH-4 - Ilsco,51034,51034
GHS-1 - Ilsco,51031m,51031M
GHS-2 - Ilsco,51032m,51032M
GHS-3 - Ilsco,51033m,51033M
GHS-4 - Ilsco,51034m,51034M
GL4C4C - Burndy,51036,51036
GJ-1 - Ilsco,51036,51036
GCM26 - Burndy,51036m,51036M
GL2626 - Burndy,51037,51037
GJ-1 - Ilsco,51037,51037
GCM34 - Burndy,51037m,51037M
GL2929 - Burndy,51038,51038
GJ-2 - Ilsco,51038,51038
GL3434 - Burndy,51039,51039
GD1729 - Burndy,50073dh,50073DH
GU-9 - Ilsco,50073dh,50073DH
GD1929 - Burndy,50077dh,50077DH
GU-16 - Ilsco,50077dh,50077DH
GD2029 - Burndy,50079dh,50079DH
GU-21 - Ilsco,50079dh,50079DH
GD2129 - Burndy,50081dh-a,50081DH A
GU-27 - Ilsco,50081dh-a,50081DH A
GK1129 - Burndy,50061th,50061TH
GK6429 - Burndy,50063th,50063TH
GR-6 - Ilsco,50063th,50063TH
GK1429 - Burndy,50067th,50067TH
GR-10 - Ilsco,50067th,50067TH
GK1529 - Burndy,50068th,50068TH
GK1629 - Burndy,50069th,50069TH
GR-15 - Ilsco,50069th,50069TH
GK1729 - Burndy,50071th,50071TH
GR-21 - Ilsco,50071th,50071TH
GK1729 - Burndy,50073th,50073TH
GR-27 - Ilsco,50073th,50073TH
GK1929 - Burndy,50075th,50075TH
GR-33 - Ilsco,50075th,50075TH
GR-39 - Ilsco,50077th,50077TH
GR-45 - Ilsco,50079th,50079TH
GR-62 - Ilsco,50083th,50083TH
GP1126 - Burndy,51001a,51001A
GP1129 - Burndy,51001b,51001B
GT-3 - Ilsco,51001b,51001B
GP6426 - Burndy,51002a,51002A
GT-5 - Ilsco,51002a,51002A
GP6429 - Burndy,51002b,51002B
GT-6 - Ilsco,51002b,51002B
GT-7 - Ilsco,51002c,51002C
GP1426 - Burndy,51003a,51003A
GT-9 - Ilsco,51003a,51003A
GP1429 - Burndy,51003b,51003B
GT-10 - Ilsco,51003b,51003B
GP1434 - Burndy,51003c,51003C
GT-13 - Ilsco,51004a,51004A
GT-14 - Ilsco,51004b,51004B
GT-19 - Ilsco,51005a,51005A
GP1629 - Burndy,51005b,51005B
GT-20 - Ilsco,51005b,51005B
GP1726 - Burndy,51006a,51006A
GT-25 - Ilsco,51006a,51006A
GT-26 - Ilsco,51006b,51006B
GP1826 - Burndy,51007a,51007A
GP1826 - Ilsco,51007a,51007A
GT-32 - Ilsco,51007b,51007B
GT-37 - Ilsco,51008a,51008A
GP2026 - Burndy,51009a,51009A
GT-38 - Ilsco,51008b,51008B
GT-43 - Ilsco,51009a,51009A
GT-49 - Ilsco,51010a,51010A
GT-50 - Ilsco,51010b,51010B
GP2226 - Burndy,51011a,51011A
GT-50 - Ilsco,51011b,51011B
GO-0 - Ilsco,51021a,51021A
GG15-1 - Burndy,51022a,51022A
GO-1 - Ilsco,51022a,51022A
GG17-1 - Burndy,51024a,51024A
GO-3 - Ilsco,51024a,51024A
GG17-15 - Burndy,51024b,51024B
GO-4 - Ilsco,51024b,51024B
GO-4A - Ilsco,51024c,51024C
GG18-1 - Burndy,51025a,51025A
GO-5 - Ilsco,51025a,51025A
GG18-15 - Burndy,51025b,51025B
GO-6 - Ilsco,51025b,51025B
GG18-2 - Burndy,51025c,51025C
GO-7 - Ilsco,51025c,51025C
GG19-2 - Burndy,51026a,51026A
GO-7A - Ilsco,51026a,51026A
GG19-25 - Burndy,51026b,51026B
GO-8 - Ilsco,51026b,51026B
GO-9 - Ilsco,51026c,51026C
GO-10 - Ilsco,51027a,51027A
GG20-2 - Burndy,51027a,51027A
GG20-25 - Burndy,51027b,51027B
GO-11 - Ilsco,51027b,51027B
GG20-3 - Burndy,51027c,51027C
GO-12 - Ilsco,51027c,51027C
GG21-2 - Burndy,51028a,51028A
GO-13 - Ilsco,51028a,51028A
GG21-25 - Burndy,51028b,51028B
GO-14 - Ilsco,51028b,51028B
GG21-3 - Burndy,51028c,51028C
GO-15 - Ilsco,51028c,51028C
GG21-35 - Burndy,51028d,51028D
GG22-2 - Burndy,51029a,51029A
GO-16 - Ilsco,51029a,51029A
GG22-25 - Burndy,51029b,51029B
GO-17 - Ilsco,51029b,51029B
GG22-3 - Burndy,51029c,51029C
GO-18 - Ilsco,51029c,51029C
GG22-4 - Burndy,51029d,51029D
GO-19 - Ilsco,51029d,51029D
GG24-2 - Burndy,51030a,51030A
PG402-S-Z - Ilsco,oec-12,OEC-12
CL50-1 - Burndy,50041cdb,50041CDB
GBL-4DB - Ilsco,50041cdb,50041CDB
SPSL-0 - Ilsco,oec-1l,OEC-1L
D167-6 - Ilsco,22420,22420
D167-8 - Ilsco,22422,22422
BGBS4 - Burndy,oec-gb-4,OEC-GB-4
SGB-4 - Ilsco,oec-gb-4,OEC-GB-4
BGBS5 - Burndy,oec-gb-5,OEC-GB-5
SGB-5 - Ilsco,oec-gb-5,OEC-GB-5
SGB-250 - Ilsco,oec-gb-250,OEC-GB-250
KC22 - Burndy,oec-4l,OEC-4L
SPSL-3 - Ilsco,oec-4l,OEC-4L
KC25 - Burndy,oec-6l,OEC-6L
SPSL-6 - Ilsco,oec-6l,OEC-6L
SPSL-8 - Ilsco,oec-9l,OEC-9L
SC-2/0 - NSI,98117s,98117S
YGS25 - Burndy,981165,981165
GSTUD34HY - Burndy,24604,24604
GSTUD916HY - Burndy,24603,24603
GSTUD14HY - Burndy,24601,24601
YGF34-4N - Burndy,24304,24304
CGP4-250500 - Ilsco,24304,24304
YGF29-4N - Burndy,24302,24302
CGP4-2250 - Ilsco,24302,24302
CGP2-250500 - Ilsco,24303,24303
YGF34-2N - Burndy,24303,24303
YGF29-2N - Burndy,24301,24301
CGP2-2250 - Ilsco,24301,24301
YGLR34C100 - Burndy,23180-41,23180-41
YGLR34C34 - Burndy,23179-40,23179-40
YGLR29C34 - Burndy,23175-40,23175-40
YGLR34C58 - Burndy,23179-37,23179-37
YGLR29C58 - Burndy,23175-36,23175-36
YGLR34C12 - Burndy,23179-36,23179-36
YGL34C34 - Burndy,23179-79,23179-79
GGA-6 - Ilsco,23179-79,23179-79
YGL34C29 - Burndy,23178-76,23178-76
GGA-5 - Ilsco,23178-76,23178-76
YGL34C2 - Burndy,23177-71,23177-71
YGL29C29 - Burndy,23176-76,23176-76
YGL29C2 - Burndy,23174-71,23174-71
GGA-2 - Ilsco,23174-71,23174-71
YGL2C2 - Burndy,23171-71,23171-71
GGA-1 - Ilsco,23171-71,23171-71
YGHC34C34 - Burndy,24108,24108
YGHC34C29 - Burndy,24107,24107
YGHC34C26 - Burndy,24106,24106
ELT-6 - Ilsco,24106,24106
YGHC26C2 - Burndy,24102,24102
ELT-4 - Ilsco,24102,24102
YGHR34C100 - Burndy,23141,23141
RLT-12 - Ilsco,23141,23141
YGHR34C34 - Burndy,23140,23140
RLT-9 - Ilsco,23140,23140
YGHR34C58 - Burndy,23139,23139
RLT-8 - Ilsco,23139,23139
YGHR29C100 - Burndy,23138,23138
RLT-11 - Ilsco,23138,23138
YGHR29C34 - Burndy,23137,23137
RLT-7 - Ilsco,23137,23137
YGHR29C58 - Burndy,23136,23136
RLT-6 - Ilsco,23136,23136
YGHR29C12 - Burndy,23135,23135
RLT-5 - Ilsco,23135,23135
YGHR26C100 - Burndy,23134,23134
RLT-10 - Ilsco,23134,23134
YGHR26C34 - Burndy,23133,23133
RLT-4 - Ilsco,23133,23133
YGHR26C58 - Burndy,23132,23132
RLT-3 - Ilsco,23132,23132
YGHR26C12 - Burndy,23131,23131
RLT-2 - Ilsco,23131,23131
YGHP34C34 - Burndy,23180,23180
GGC-8 - Ilsco,23180,23180
YGHP34C29 - Burndy,23179,23179
GGC-7 - Ilsco,23179,23179
YGHP34C26 - Burndy,23178,23178
GGC-6 - Ilsco,23178,23178
YGHP34C2 - Burndy,23177,23177
GGC-5 - Ilsco,23177,23177
YGHP29C29 - Burndy,23176,23176
GGC-4 - Ilsco,23176,23176
YGHP29C26 - Burndy,23175,23175
GGC-3 - Ilsco,23175,23175
YGHP29C2 - Burndy,23174,23174
GGC-2 - Ilsco,23174,23174
YGHP29C6W6W - Burndy,23173,23173
YGHP2C6W6W - Burndy,23172,23172
YGHP2C2 - Burndy,23171,23171
YGHP29C29 - Burndy,23156,23156
GGC-4 - Ilsco,23156,23156
YGHP29C26 - Burndy,23155,23155
GGC-3 - Ilsco,23155,23155
YGHP29C2 - Burndy,23154,23154
GGC-2 - Ilsco,23154,23154
YGHP29C6W6W - Burndy,23153,23153
K2C17 - Burndy,oec-22l,OEC-22L
SPDL-1 - Ilsco,oec-22l,OEC-22L
K2C23 - Burndy,oec-25l,OEC-25L
SPDL-4 - Ilsco,oec-25l,OEC-25L
K2C25 - Burndy,oec-26l,OEC-26L
SPDL-6 - Ilsco,oec-26l,OEC-26L
OEC-CBB-A-0120314-T - Burndy,oec-cbb-a-0120314-u,OEC-CBB-A-0120314-U
EGBA14312AA - Ilsco,oec-cbb-a-0120314-u,OEC-CBB-A-0120314-U
OEC-CBB-A-0170338-T - Burndy,oec-cbb-a-0170338-u,OEC-CBB-A-0170338-U
EGBA38317AA - Ilsco,oec-cbb-a-0170338-u,OEC-CBB-A-0170338-U
OEC-CBB-A-0120414-T - Burndy,oec-cbb-a-0120414-u,OEC-CBB-A-0120414-U
EGBA14412AA - Ilsco,oec-cbb-a-0120414-u,OEC-CBB-A-0120414-U
OEC-CBB-A-0140414-T - Burndy,oec-cbb-a-0140414-u,OEC-CBB-A-0140414-U
EGBA14414AA - Ilsco,oec-cbb-a-0140414-u,OEC-CBB-A-0140414-U
OEC-CBB-A-0160414-T - Burndy,oec-cbb-a-0160414-u,OEC-CBB-A-0160414-U
EGBA14416AA - Burndy,oec-cbb-a-0160414-u,OEC-CBB-A-0160414-U
OEC-CBB-A-0180414-T - Burndy,oec-cbb-a-0180414-u,OEC-CBB-A-0180414-U
EGBA14418AA - Ilsco,oec-cbb-a-0180414-u,OEC-CBB-A-0180414-U
OEC-CBB-A-0200414-T - Burndy,oec-cbb-a-0200414-u,OEC-CBB-A-0200414-U
EGBA14420AA - Ilsco,oec-cbb-a-0200414-u,OEC-CBB-A-0200414-U
OEC-CBB-A-0240414-T - Burndy,oec-cbb-a-0240414-u,OEC-CBB-A-0240414-U
EGBA14424AA - Ilsco,oec-cbb-a-0240414-u,OEC-CBB-A-0240414-U
OEC-CBB-A-0300414-T - Burndy,oec-cbb-a-0300414-u,OEC-CBB-A-0300414-U
EGBA14430AA - Ilsco,oec-cbb-a-0300414-u,OEC-CBB-A-0300414-U
OEC-CBB-A-0360414-T - Burndy,oec-cbb-a-0360414-u,OEC-CBB-A-0360414-U
EGBA14436AA - Ilsco,oec-cbb-a-0360414-u,OEC-CBB-A-0360414-U
OEC-CBB-A-0480414-T - Burndy,oec-cbb-a-0480414-u,OEC-CBB-A-0480414-U
EGBA14448AA - Ilsco,oec-cbb-a-0480414-u,OEC-CBB-A-0480414-U
OEC-CBB-A-0120438-T - Burndy,oec-cbb-a-0120438-u,OEC-CBB-A-0120438-U
EGBA38412AA - Ilsco,oec-cbb-a-0120438-u,OEC-CBB-A-0120438-U
OEC-CBB-A-0240438-T - Burndy,oec-cbb-a-0240438-u,OEC-CBB-A-0240438-U
EGBA38424AA - Ilsco,oec-cbb-a-0240438-u,OEC-CBB-A-0240438-U
OEC-CBB-A-0120412-T - Burndy,oec-cbb-a-0120412-u,OEC-CBB-A-0120412-U
EGBA12412AA - Ilsco,oec-cbb-a-0120412-u,OEC-CBB-A-0120412-U
OEC-CBB-A-0160412-T - Burndy,oec-cbb-a-0160412-u,OEC-CBB-A-0160412-U
EGBA12416AA - Ilsco,oec-cbb-a-0160412-u,OEC-CBB-A-0160412-U
OEC-CBB-A-0090538-T - Burndy,oec-cbb-a-0090538-u,OEC-CBB-A-0090538-U
EGBA38509AA - Ilsco,oec-cbb-a-0090538-u,OEC-CBB-A-0090538-U
OEC-CBB-A-0080614-T - Burndy,oec-cbb-a-0080614-u,OEC-CBB-A-0080614-U
OEC-CBB-A-0120614-T - Burndy,oec-cbb-a-0120614-u,OEC-CBB-A-0120614-U
EGBA14608AA - Ilsco,oec-cbb-a-0080614-u,OEC-CBB-A-0080614-U
EGBA14612AA - Ilsco,oec-cbb-a-0120614-u,OEC-CBB-A-0120614-U
OEC-CBB-A-0180614-T - Burndy,oec-cbb-a-0180614-u,OEC-CBB-A-0180614-U
EGBA14618AA - Ilsco,oec-cbb-a-0180614-u,OEC-CBB-A-0180614-U
OEC-CBB-A-0240614-T - Burndy,oec-cbb-a-0240614-u,OEC-CBB-A-0240614-U
EGBA14624AA - Ilsco,oec-cbb-a-0240614-u,OEC-CBB-A-0240614-U
OEC-CBB-B-0080214-T - Burndy,oec-cbb-b-0080214-u,OEC-CBB-B-0080214-U
EGBA14208BB - Ilsco,oec-cbb-b-0080214-u,OEC-CBB-B-0080214-U
OEC-CBB-A-0180614-T - Burndy,oec-cbb-a-0240614-u,OEC-CBB-A-0240614-U
OEC-CBB-B-0100214-T - Burndy,oec-cbb-b-0100214-u,OEC-CBB-B-0100214-U
EGBA14210BB - Ilsco,oec-cbb-b-0100214-u,OEC-CBB-B-0100214-U
OEC-CBB-B-0140214-T - Burndy,oec-cbb-b-0140214-u,OEC-CBB-B-0140214-U
EGBA14214BB - Ilsco,oec-cbb-b-0140214-u,OEC-CBB-B-0140214-U
OEC-CBB-B-0160214-T - Burndy,oec-cbb-b-0160214-u,OEC-CBB-B-0160214-U
EGBA14216BB - Ilsco,oec-cbb-b-0160214-u,OEC-CBB-B-0160214-U
OEC-CBB-B-0180214-T - Burndy,oec-cbb-b-0180214-u,OEC-CBB-B-0180214-U
EGBA14218BB - Ilsco,oec-cbb-b-0180214-u,OEC-CBB-B-0180214-U
OEC-CBB-B-0200214-T - Burndy,oec-cbb-b-0200214-u,OEC-CBB-B-0200214-U
EGBA14220BB - Ilsco,oec-cbb-b-0200214-u,OEC-CBB-B-0200214-U
OEC-CBB-B-0240214-T - Burndy,oec-cbb-b-0240214-u,OEC-CBB-B-0240214-U
EGBA14224BB - Ilsco,oec-cbb-b-0240214-u,OEC-CBB-B-0240214-U
OEC-CBB-B-0360214-T - Burndy,oec-cbb-b-0360214-u,OEC-CBB-B-0360214-U
EGBA14236BB - Ilsco,oec-cbb-b-0360214-u,OEC-CBB-B-0360214-U
OEC-CBB-B-0480214-T - Burndy,oec-cbb-b-0480214-u,OEC-CBB-B-0480214-U
EGBA14248BB - Ilsco,oec-cbb-b-0480214-u,OEC-CBB-B-0480214-U
OEC-CBB-B-0960214-T - Burndy,oec-cbb-b-0960214-u,OEC-CBB-B-0960214-U
EGBA14296BB - Ilsco,oec-cbb-b-0960214-u,OEC-CBB-B-0960214-U
OEC-CBB-B-0240212-T - Burndy,oec-cbb-b-0240212-u,OEC-CBB-B-0240212-U
EGBA12224BB - Ilsco,oec-cbb-b-0240212-u,OEC-CBB-B-0240212-U
OEC-CBB-B-0120314-T - Burndy,oec-cbb-b-0120314-u,OEC-CBB-B-0120314-U
EGBA14312BB - Ilsco,oec-cbb-b-0120314-u,OEC-CBB-B-0120314-U
OEC-CBB-B-0200314-T - Burndy,oec-cbb-b-0200314-u,OEC-CBB-B-0200314-U
EGBA14320BB - Ilsco,oec-cbb-b-0200314-u,OEC-CBB-B-0200314-U
OEC-CBB-B-0240314-T - Burndy,oec-cbb-b-0240314-u,OEC-CBB-B-0240314-U
EGBA14324BB - Ilsco,oec-cbb-b-0240314-u,OEC-CBB-B-0240314-U
OEC-CBB-B-0360314-T - Burndy,oec-cbb-b-0360314-u,OEC-CBB-B-0360314-U
EGBA14336BB - Ilsco,oec-cbb-b-0360314-u,OEC-CBB-B-0360314-U
OEC-CBB-B-0200338-T - Burndy,oec-cbb-b-0200338-u,OEC-CBB-B-0200338-U
EGBA38320BB - Ilsco,oec-cbb-b-0200338-u,OEC-CBB-B-0200338-U
OEC-CBB-B-0080414-T - Burndy,oec-cbb-b-0080414-u,OEC-CBB-B-0080414-U
EGBA14408BB - Ilsco,oec-cbb-b-0080414-u,OEC-CBB-B-0080414-U
OEC-CBB-B-0100414-T - Burndy,oec-cbb-b-0100414-u,OEC-CBB-B-0100414-U
EGBA14410BB - Ilsco,oec-cbb-b-0100414-u,OEC-CBB-B-0100414-U
OEC-CBB-B-0120414-T - Burndy,oec-cbb-b-0120414-u,OEC-CBB-B-0120414-U
EGBA14412BB - Ilsco,oec-cbb-b-0120414-u,OEC-CBB-B-0120414-U
OEC-CBB-B-0140414-T - Burndy,oec-cbb-b-0140414-u,OEC-CBB-B-0140414-U
EGBA14414BB - Ilsco,oec-cbb-b-0140414-u,OEC-CBB-B-0140414-U
OEC-CBB-B-0160414-T - Burndy,oec-cbb-b-0160414-u,OEC-CBB-B-0160414-U
EGBA14416BB - Ilsco,oec-cbb-b-0160414-u,OEC-CBB-B-0160414-U
OEC-CBB-B-0180414-T - Burndy,oec-cbb-b-0180414-u,OEC-CBB-B-0180414-U
EGBA14418BB - Ilsco,oec-cbb-b-0180414-u,OEC-CBB-B-0180414-U
OEC-CBB-B-0200414-T - Burndy,oec-cbb-b-0200414-u,OEC-CBB-B-0200414-U
EGBA14420BB - Ilsco,oec-cbb-b-0200414-u,OEC-CBB-B-0200414-U
OEC-CBB-B-0240414-T - Burndy,oec-cbb-b-0240414-u,OEC-CBB-B-0240414-U
EGBA14424BB - Ilsco,oec-cbb-b-0240414-u,OEC-CBB-B-0240414-U
OEC-CBB-B-0300414-T - Burndy,oec-cbb-b-0300414-u,OEC-CBB-B-0300414-U
EGBA14430BB - Ilsco,oec-cbb-b-0300414-u,OEC-CBB-B-0300414-U
OEC-CBB-B-0320414-T - Burndy,oec-cbb-b-0320414-u,OEC-CBB-B-0320414-U
EGBA14432BB - Ilsco,oec-cbb-b-0320414-u,OEC-CBB-B-0320414-U
OEC-CBB-B-0360414-T - Burndy,oec-cbb-b-0360414-u,OEC-CBB-B-0360414-U
EGBA14436BB - Ilsco,oec-cbb-b-0360414-u,OEC-CBB-B-0360414-U
OEC-CBB-B-0480414-T - Burndy,oec-cbb-b-0480414-u,OEC-CBB-B-0480414-U
EGBA14448BB - Ilsco,oec-cbb-b-0480414-u,OEC-CBB-B-0480414-U
OEC-CBB-B-0600414-T - Burndy,oec-cbb-b-0600414-u,OEC-CBB-B-0600414-U
EGBA14460BB - Ilsco,oec-cbb-b-0600414-u,OEC-CBB-B-0600414-U
OEC-CBB-B-0720414-T - Burndy,oec-cbb-b-0720414-u,OEC-CBB-B-0720414-U
EGBA14472BB - Ilsco,oec-cbb-b-0720414-u,OEC-CBB-B-0720414-U
OEC-CBB-B-1200414-T - Burndy,oec-cbb-b-1200414-u,OEC-CBB-B-1200414-U
OEC-CBB-B-1200438-T - Burndy,oec-cbb-b-1200438-u,OEC-CBB-B-1200438-U
OEC-CBB-B-0180438-T - Burndy,oec-cbb-b-0180438-u,OEC-CBB-B-0180438-U
EGBA38418BB - Ilsco,oec-cbb-b-0180438-u,OEC-CBB-B-0180438-U
OEC-CBB-B-0200438-T - Burndy,oec-cbb-b-0200438-u,OEC-CBB-B-0200438-U
EGBA38420BB - Ilsco,oec-cbb-b-0200438-u,OEC-CBB-B-0200438-U
OEC-CBB-B-0240438-T - Burndy,oec-cbb-b-0240438-u,OEC-CBB-B-0240438-U
EGBA38424BB - Ilsco,oec-cbb-b-0240438-u,OEC-CBB-B-0240438-U
OEC-CBB-B-0480438-T - Burndy,oec-cbb-b-0480438-u,OEC-CBB-B-0480438-U
EGBA38448BB - Ilsco,oec-cbb-b-0480438-u,OEC-CBB-B-0480438-U
OEC-CBB-B-0180614-T - Burndy,oec-cbb-b-0180614-u,OEC-CBB-B-0180614-U
EGBA14618BB - Ilsco,oec-cbb-b-0180614-u,OEC-CBB-B-0180614-U
OEC-CBB-B-0240614-T - Burndy,oec-cbb-b-0240614-u,OEC-CBB-B-0240614-U
EGBA14624BB - Ilsco,oec-cbb-b-0240614-u,OEC-CBB-B-0240614-U
OEC-CBB-B-0360614-T - Burndy,oec-cbb-b-0360614-u,OEC-CBB-B-0360614-U
EGBA14636BB - Ilsco,oec-cbb-b-0360614-u,OEC-CBB-B-0360614-U
OEC-CBB-B-0120814-T - Burndy,oec-cbb-b-0120814-u,OEC-CBB-B-0120814-U
EGBA14812BB - Ilsco,oec-cbb-b-0120814-u,OEC-CBB-B-0120814-U
OEC-CBB-C-0120314-T - Burndy,oec-cbb-c-0120314-u,OEC-CBB-C-0120314-U
EGBA14312CC - Ilsco,oec-cbb-c-0120314-u,OEC-CBB-C-0120314-U
OEC-CBB-C-0160314-T - Burndy,oec-cbb-c-0160314-u,OEC-CBB-C-0160314-U
EGBA14316CC - Ilsco,oec-cbb-c-0160314-u,OEC-CBB-C-0160314-U
OEC-CBB-C-0200314-T - Burndy,oec-cbb-c-0200314-u,OEC-CBB-C-0200314-U
EGBA14320CC - Ilsco,oec-cbb-c-0200314-u,OEC-CBB-C-0200314-U
OEC-CBB-C-0240314-T - Burndy,oec-cbb-c-0240314-u,OEC-CBB-C-0240314-U
EGBA14324CC - Ilsco,oec-cbb-c-0240314-u,OEC-CBB-C-0240314-U
OEC-CBB-C-0300314-T - Burndy,oec-cbb-c-0300314-u,OEC-CBB-C-0300314-U
EGBA14330CC - Ilsco,oec-cbb-c-0300314-u,OEC-CBB-C-0300314-U
OEC-CBB-C-0360314-T - Burndy,oec-cbb-c-0360314-u,OEC-CBB-C-0360314-U
EGBA14336CC - Ilsco,oec-cbb-c-0360314-u,OEC-CBB-C-0360314-U
OEC-CBB-C-0480314-T - Burndy,oec-cbb-c-0480314-u,OEC-CBB-C-0480314-U
EGBA14348CC - Ilsco,oec-cbb-c-0480314-u,OEC-CBB-C-0480314-U
OEC-CBB-C-0120312-T - Burndy,oec-cbb-c-0120312-u,OEC-CBB-C-0120312-U
EGBA12312CC - Ilsco,oec-cbb-c-0120312-u,OEC-CBB-C-0120312-U
OEC-CBB-C-0060414-T - Burndy,oec-cbb-c-0060414-u,OEC-CBB-C-0060414-U
EGBA14406CC - Ilsco,oec-cbb-c-0060414-u,OEC-CBB-C-0060414-U
OEC-CBB-C-0100414-T - Burndy,oec-cbb-c-0100414-u,OEC-CBB-C-0100414-U
EGBA14410CC - Ilsco,oec-cbb-c-0100414-u,OEC-CBB-C-0100414-U
OEC-CBB-C-1200414-T - Burndy,oec-cbb-c-1200414-u,OEC-CBB-C-1200414-U
OEC-CBB-C-0120414-T - Burndy,oec-cbb-c-0120414-u,OEC-CBB-C-0120414-U
EGBA14412CC - Ilsco,oec-cbb-c-0120414-u,OEC-CBB-C-0120414-U
OEC-CBB-C-0140414-T - Burndy,oec-cbb-c-0140414-u,OEC-CBB-C-0140414-U
EGBA14414CC - Ilsco,oec-cbb-c-0140414-u,OEC-CBB-C-0140414-U
OEC-CBB-C-0150414-T - Burndy,oec-cbb-c-0150414-u,OEC-CBB-C-0150414-U
EGBA14415CC - Ilsco,oec-cbb-c-0150414-u,OEC-CBB-C-0150414-U
OEC-CBB-C-0160414-T - Burndy,oec-cbb-c-0160414-u,OEC-CBB-C-0160414-U
EGBA14416CC - Ilsco,oec-cbb-c-0160414-u,OEC-CBB-C-0160414-U
OEC-CBB-C-0180414-T - Burndy,oec-cbb-c-0180414-u,OEC-CBB-C-0180414-U
EGBA14418CC - Ilsco,oec-cbb-c-0180414-u,OEC-CBB-C-0180414-U
OEC-CBB-C-0240414-T - Burndy,oec-cbb-c-0240414-u,OEC-CBB-C-0240414-U
EGBA14424CC - Ilsco,oec-cbb-c-0240414-u,OEC-CBB-C-0240414-U
OEC-CBB-C-0280414-T - Burndy,oec-cbb-c-0280414-u,OEC-CBB-C-0280414-U
EGBA14428CC - Ilsco,oec-cbb-c-0280414-u,OEC-CBB-C-0280414-U
OEC-CBB-C-0300414-T - Burndy,oec-cbb-c-0300414-u,OEC-CBB-C-0300414-U
EGBA14430CC - Ilsco,oec-cbb-c-0300414-u,OEC-CBB-C-0300414-U
OEC-CBB-C-0320414-T - Burndy,oec-cbb-c-0320414-u,OEC-CBB-C-0320414-U
EGBA14432CC - Ilsco,oec-cbb-c-0320414-u,OEC-CBB-C-0320414-U
OEC-CBB-C-0360414-T - Burndy,oec-cbb-c-0360414-u,OEC-CBB-C-0360414-U
EGBA14436CC - Ilsco,oec-cbb-c-0360414-u,OEC-CBB-C-0360414-U
OEC-CBB-C-0400414-T - Burndy,oec-cbb-c-0400414-u,OEC-CBB-C-0400414-U
OEC-CBB-C-0420414-T - Burndy,oec-cbb-c-0420414-u,OEC-CBB-C-0420414-U
EGBA14442CC - Ilsco,oec-cbb-c-0420414-u,OEC-CBB-C-0420414-U
EGBA14440CC - Ilsco,oec-cbb-c-0400414-u,OEC-CBB-C-0400414-U
OEC-CBB-C-0480414-T - Burndy,oec-cbb-c-0480414-u,OEC-CBB-C-0480414-U
EGBA14448CC - Ilsco,oec-cbb-c-0480414-u,OEC-CBB-C-0480414-U
OEC-CBB-C-0600414-T - Burndy,oec-cbb-c-0600414-u,OEC-CBB-C-0600414-U
EGBA14460CC - Ilsco,oec-cbb-c-0600414-u,OEC-CBB-C-0600414-U
OEC-CBB-C-0720414-T - Burndy,oec-cbb-c-0720414-u,OEC-CBB-C-0720414-U
EGBA14472CC - Ilsco,oec-cbb-c-0720414-u,OEC-CBB-C-0720414-U
OEC-CBB-C-0960414-T - Burndy,oec-cbb-c-0960414-u,OEC-CBB-C-0960414-U
EGBA14496CC - Ilsco,oec-cbb-c-0960414-u,OEC-CBB-C-0960414-U
OEC-CBB-C-0200414-T - Burndy,oec-cbb-c-0200414-u,OEC-CBB-C-0200414-U
EGBA14420CC - Ilsco,oec-cbb-c-0200414-u,OEC-CBB-C-0200414-U
OEC-CBB-C-0120438-T - Burndy,oec-cbb-c-0120438-u,OEC-CBB-C-0120438-U
EGBA38412CC - Ilsco,oec-cbb-c-0120438-u,OEC-CBB-C-0120438-U
OEC-CBB-C-0200438-T - Burndy,oec-cbb-c-0200438-u,OEC-CBB-C-0200438-U
EGBA38420CC - Ilsco,oec-cbb-c-0200438-u,OEC-CBB-C-0200438-U
OEC-CBB-C-0240438-T - Burndy,oec-cbb-c-0240438-u,OEC-CBB-C-0240438-U
EGBA38424CC - Ilsco,oec-cbb-c-0240438-u,OEC-CBB-C-0240438-U
OEC-CBB-C-0480438-T - Burndy,oec-cbb-c-0480438-u,OEC-CBB-C-0480438-U
EGBA38448CC - Ilsco,oec-cbb-c-0480438-u,OEC-CBB-C-0480438-U
OEC-CBB-C-0120412-T - Burndy,oec-cbb-c-0120412-u,OEC-CBB-C-0120412-U
EGBA12412CC - Ilsco,oec-cbb-c-0120412-u,OEC-CBB-C-0120412-U
OEC-CBB-C-0240412-T - Burndy,oec-cbb-c-0240412-u,OEC-CBB-C-0240412-U
EGBA12424CC - Ilsco,oec-cbb-c-0240412-u,OEC-CBB-C-0240412-U
OEC-CBB-C-0120614-T - Burndy,oec-cbb-c-0120614-u,OEC-CBB-C-0120614-U
EGBA14612CC - Ilsco,oec-cbb-c-0120614-u,OEC-CBB-C-0120614-U
OEC-CBB-C-0180614-T - Burndy,oec-cbb-c-0180614-u,OEC-CBB-C-0180614-U
EGBA14618CC - Ilsco,oec-cbb-c-0180614-u,OEC-CBB-C-0180614-U
OEC-CBB-C-0200614-T - Burndy,oec-cbb-c-0200614-u,OEC-CBB-C-0200614-U
EGBA14620CC - Ilsco,oec-cbb-c-0200614-u,OEC-CBB-C-0200614-U
OEC-CBB-C-0240614-T - Burndy,oec-cbb-c-0240614-u,OEC-CBB-C-0240614-U
EGBA14624CC - Ilsco,oec-cbb-c-0240614-u,OEC-CBB-C-0240614-U
OEC-CBB-C-0300614-T - Burndy,oec-cbb-c-0300614-u,OEC-CBB-C-0300614-U
EGBA14630CC - Ilsco,oec-cbb-c-0300614-u,OEC-CBB-C-0300614-U
OEC-CBB-C-0360614-T - Burndy,oec-cbb-c-0360614-u,OEC-CBB-C-0360614-U
EGBA14636CC - Ilsco,oec-cbb-c-0360614-u,OEC-CBB-C-0360614-U
OEC-CBB-C-0240638-T - Burndy,oec-cbb-c-0240638-u,OEC-CBB-C-0240638-U
EGBA38624CC - Ilsco,oec-cbb-c-0240638-u,OEC-CBB-C-0240638-U
OEC-CBB-C-0240612-T - Burndy,oec-cbb-c-0240612-u,OEC-CBB-C-0240612-U
EGBA12624CC - Ilsco,oec-cbb-c-0240612-u,OEC-CBB-C-0240612-U
OEC-CBB-C-0360814-T - Burndy,oec-cbb-c-0360814-u,OEC-CBB-C-0360814-U
EGBA14836CC - Ilsco,oec-cbb-c-0360814-u,OEC-CBB-C-0360814-U
OEC-CBB-D-0120214-T - Burndy,oec-cbb-d-0120214-u,OEC-CBB-D-0120214-U
EGBA14212DD - Ilsco,oec-cbb-d-0120214-u,OEC-CBB-D-0120214-U
OEC-CBB-D-0240214-T - Burndy,oec-cbb-d-0240214-u,OEC-CBB-D-0240214-U
EGBA14224DD - Ilsco,oec-cbb-d-0240214-u,OEC-CBB-D-0240214-U
OEC-CBB-D-0300214-T - Burndy,oec-cbb-d-0300214-u,OEC-CBB-D-0300214-U
EGBA14230DD - Ilsco,oec-cbb-d-0300214-u,OEC-CBB-D-0300214-U
OEC-CBB-D-0360214-T - Burndy,oec-cbb-d-0360214-u,OEC-CBB-D-0360214-U
EGBA14236DD - Ilsco,oec-cbb-d-0360214-u,OEC-CBB-D-0360214-U
OEC-CBB-D-0480214-T - Burndy,oec-cbb-d-0480214-u,OEC-CBB-D-0480214-U
EGBA14248DD - Ilsco,oec-cbb-d-0480214-u,OEC-CBB-D-0480214-U
OEC-CBB-D-0180214-T - Burndy,oec-cbb-d-0180214-u,OEC-CBB-D-0180214-U
EGBA14218DD - Ilsco,oec-cbb-d-0180214-u,OEC-CBB-D-0180214-U
OEC-CBB-D-0120314-T - Burndy,oec-cbb-d-0120314-u,OEC-CBB-D-0120314-U
EGBA14312DD - Ilsco,oec-cbb-d-0120314-u,OEC-CBB-D-0120314-U
OEC-CBB-D-0120338-T - Burndy,oec-cbb-d-0120338-u,OEC-CBB-D-0120338-U
EGBA38312DD - Ilsco,oec-cbb-d-0120338-u,OEC-CBB-D-0120338-U
OEC-CBB-D-0120414-T - Burndy,oec-cbb-d-0120414-u,OEC-CBB-D-0120414-U
EGBA14412DD - Ilsco,oec-cbb-d-0120414-u,OEC-CBB-D-0120414-U
OEC-CBB-D-0160414-T - Burndy,oec-cbb-d-0160414-u,OEC-CBB-D-0160414-U
OEC-CBB-D-0200414-T - Burndy,oec-cbb-d-0200414-u,OEC-CBB-D-0200414-U
EGBA14420DD - Ilsco,oec-cbb-d-0200414-u,OEC-CBB-D-0200414-U
OEC-CBB-D-0240414-T - Burndy,oec-cbb-d-0240414-u,OEC-CBB-D-0240414-U
EGBA14424DD - Ilsco,oec-cbb-d-0240414-u,OEC-CBB-D-0240414-U
OEC-CBB-D-0360414-T - Burndy,oec-cbb-d-0360414-u,OEC-CBB-D-0360414-U
EGBA14436DD - Ilsco,oec-cbb-d-0360414-u,OEC-CBB-D-0360414-U
OEC-CBB-D-0200614-T - Burndy,oec-cbb-d-0200614-u,OEC-CBB-D-0200614-U
EGBA14620DD - Ilsco,oec-cbb-d-0200614-u,OEC-CBB-D-0200614-U
OEC-CBB-E-0120114-T - Burndy,oec-cbb-e-0120114-u,OEC-CBB-E-0120114-U
EGBA14112EE - Ilsco,oec-cbb-e-0120114-u,OEC-CBB-E-0120114-U
OEC-CBB-E-0240114-T - Burndy,oec-cbb-e-0240114-u,OEC-CBB-E-0240114-U
EGBA14124EE - Ilsco,oec-cbb-e-0240114-u,OEC-CBB-E-0240114-U
OEC-CBB-E-0480114-T - Burndy,oec-cbb-e-0480114-u,OEC-CBB-E-0480114-U
EGBA14148EE - Ilsco,oec-cbb-e-0480114-u,OEC-CBB-E-0480114-U
OEC-CBB-E-0100138-T - Burndy,oec-cbb-e-0100138-u,OEC-CBB-E-0100138-U
EGBA38110EE - Ilsco,oec-cbb-e-0100138-u,OEC-CBB-E-0100138-U
OEC-CBB-E-0060214-T - Burndy,oec-cbb-e-0060214-u,OEC-CBB-E-0060214-U
EGBA14206EE - Ilsco,oec-cbb-e-0060214-u,OEC-CBB-E-0060214-U
OEC-CBB-E-0080214-T - Burndy,oec-cbb-e-0080214-u,OEC-CBB-E-0080214-U
EGBA14208EE - Ilsco,oec-cbb-e-0080214-u,OEC-CBB-E-0080214-U
OEC-CBB-E-0100214-T - Burndy,oec-cbb-e-0100214-u,OEC-CBB-E-0100214-U
EGBA14210EE - Ilsco,oec-cbb-e-0100214-u,OEC-CBB-E-0100214-U
OEC-CBB-E-0120214-T - Burndy,oec-cbb-e-0120214-u,OEC-CBB-E-0120214-U
EGBA14212EE - Ilsco,oec-cbb-e-0120214-u,OEC-CBB-E-0120214-U
OEC-CBB-E-0150214-T - Burndy,oec-cbb-e-0150214-u,OEC-CBB-E-0150214-U
EGBA14215EE - Ilsco,oec-cbb-e-0150214-u,OEC-CBB-E-0150214-U
OEC-CBB-E-0160214-T - Burndy,oec-cbb-e-0160214-u,OEC-CBB-E-0160214-U
EGBA14216EE - Ilsco,oec-cbb-e-0160214-u,OEC-CBB-E-0160214-U
OEC-CBB-Q-0060414-T - Burndy,oec-cbb-q-0060414-u,OEC-CBB-Q-0060414-U
EGBA14406QQ - Ilsco,oec-cbb-q-0060414-u,OEC-CBB-Q-0060414-U
OEC-CBB-Q-0120414-T - Burndy,oec-cbb-q-0120414-u,OEC-CBB-Q-0120414-U
EGBA14412QQ - Ilsco,oec-cbb-q-0120414-u,OEC-CBB-Q-0120414-U
OEC-CBB-Q-0160414-T - Burndy,oec-cbb-q-0160414-u,OEC-CBB-Q-0160414-U
EGBA14416QQ - Ilsco,oec-cbb-q-0160414-u,OEC-CBB-Q-0160414-U
OEC-CBB-Q-0200414-T - Burndy,oec-cbb-q-0200414-u,OEC-CBB-Q-0200414-U
EGBA14420QQ - Ilsco,oec-cbb-q-0200414-u,OEC-CBB-Q-0200414-U
OEC-CBB-Q-0240414-T - Burndy,oec-cbb-q-0240414-u,OEC-CBB-Q-0240414-U
OEC-CBB-Q-0360414-T - Burndy,oec-cbb-q-0360414-u,OEC-CBB-Q-0360414-U
EGBA14436QQ - Ilsco,oec-cbb-q-0360414-u,OEC-CBB-Q-0360414-U
OEC-CBB-R-0120414-T - Burndy,oec-cbb-r-0120414-u,OEC-CBB-R-0120414-U
EGBA14412RR - Ilsco,oec-cbb-r-0120414-u,OEC-CBB-R-0120414-U
OEC-CBB-R-0200414-T - Burndy,oec-cbb-r-0200414-u,OEC-CBB-R-0200414-U
EGBA14420RR - Ilsco,oec-cbb-r-0200414-u,OEC-CBB-R-0200414-U
OEC-CBB-R-0240414-T - Burndy,oec-cbb-r-0240414-u,OEC-CBB-R-0240414-U
EGBA14424RR - Ilsco,oec-cbb-r-0240414-u,OEC-CBB-R-0240414-U
OEC-CBB-R-0090614-T - Burndy,oec-cbb-r-0090614-u,OEC-CBB-R-0090614-U
EGBA14609RR - Ilsco,oec-cbb-r-0090614-u,OEC-CBB-R-0090614-U
OEC-CBB-R-0180614-T - Burndy,oec-cbb-r-0180614-u,OEC-CBB-R-0180614-U
EGBA14618RR - Ilsco,oec-cbb-r-0180614-u,OEC-CBB-R-0180614-U
OEC-CBB-R-0240614-T - Burndy,oec-cbb-r-0240614-u,OEC-CBB-R-0240614-U
EGBA14624RR - Ilsco,oec-cbb-r-0240614-u,OEC-CBB-R-0240614-U
OEC-CBB-R-0300614-T - Burndy,oec-cbb-r-0300614-u,OEC-CBB-R-0300614-U
EGBA14630RR - Ilsco,oec-cbb-r-0300614-u,OEC-CBB-R-0300614-U
OEC-CBB-N-0180414-T - Burndy,oec-cbb-n-0180414-u,OEC-CBB-N-0180414-U
EGBA14418NN - Ilsco,oec-cbb-n-0180414-u,OEC-CBB-N-0180414-U
OEC-CBB-N-0160414-T - Burndy,oec-cbb-n-0160414-u,OEC-CBB-N-0160414-U
EGBA14416NN - Ilsco,oec-cbb-n-0160414-u,OEC-CBB-N-0160414-U
OEC-CBB-N-0140414-T - Burndy,oec-cbb-n-0140414-u,OEC-CBB-N-0140414-U
EGBA14414NN - Ilsco,oec-cbb-n-0140414-u,OEC-CBB-N-0140414-U
OEC-CBB-N-0120412-T - Burndy,oec-cbb-n-0120412-u,OEC-CBB-N-0120412-U
EGBA12412NN - Ilsco,oec-cbb-n-0120412-u,OEC-CBB-N-0120412-U
OEC-CBB-N-0120414-T - Burndy,oec-cbb-n-0120414-u,OEC-CBB-N-0120414-U
OEC-CBB-N-0100414-T - Burndy,oec-cbb-n-0100414-u,OEC-CBB-N-0100414-U
EGBA14410NN - Ilsco,oec-cbb-n-0100414-u,OEC-CBB-N-0100414-U
OEC-CBB-N-0090414-T - Burndy,oec-cbb-n-0090414-u,OEC-CBB-N-0090414-U
OEC-CBB-N-0080412-T - Burndy,oec-cbb-n-0080412-u,OEC-CBB-N-0080412-U
EGBA14412NN - Ilsco,oec-cbb-n-0120414-u,OEC-CBB-N-0120414-U
EGBA12408NN - Ilsco,oec-cbb-n-0080412-u,OEC-CBB-N-0080412-U
OEC-CBB-N-0080414-T - Burndy,oec-cbb-n-0080414-u,OEC-CBB-N-0080414-U
EGBA14408NN - Ilsco,oec-cbb-n-0080414-u,OEC-CBB-N-0080414-U
OEC-CBB-N-0060414-T - Burndy,oec-cbb-n-0060414-u,OEC-CBB-N-0060414-U
EGBA14406NN - Ilsco,oec-cbb-n-0060414-u,OEC-CBB-N-0060414-U
OEC-CBB-N-0960314-T - Burndy,oec-cbb-n-0960314-u,OEC-CBB-N-0960314-U
EGBA14396NN - Ilsco,oec-cbb-n-0960314-u,OEC-CBB-N-0960314-U
OEC-CBB-N-0720314-T - Burndy,oec-cbb-n-0720314-u,OEC-CBB-N-0720314-U
EGBA14372NN - Ilsco,oec-cbb-n-0720314-u,OEC-CBB-N-0720314-U
OEC-CBB-N-0480314-T - Burndy,oec-cbb-n-0480314-u,OEC-CBB-N-0480314-U
EGBA14348NN - Ilsco,oec-cbb-n-0480314-u,OEC-CBB-N-0480314-U
OEC-CBB-N-0360314-T - Burndy,oec-cbb-n-0360314-u,OEC-CBB-N-0360314-U
EGBA14336NN - Ilsco,oec-cbb-n-0360314-u,OEC-CBB-N-0360314-U
OEC-CBB-N-0240338-T - Burndy,oec-cbb-n-0240338-u,OEC-CBB-N-0240338-U
EGBA38324NN - Ilsco,oec-cbb-n-0240338-u,OEC-CBB-N-0240338-U
OEC-CBB-E-0180214-T - Burndy,oec-cbb-e-0180214-u,OEC-CBB-E-0180214-U
EGBA14218EE - Ilsco,oec-cbb-e-0180214-u,OEC-CBB-E-0180214-U
OEC-CBB-E-0200214-T - Burndy,oec-cbb-e-0200214-u,OEC-CBB-E-0200214-U
EGBA14220EE - Ilsco,oec-cbb-e-0200214-u,OEC-CBB-E-0200214-U
OEC-CBB-E-0220214-T - Burndy,oec-cbb-e-0220214-u,OEC-CBB-E-0220214-U
EGBA14222EE - Ilsco,oec-cbb-e-0220214-u,OEC-CBB-E-0220214-U
OEC-CBB-E-0240214-T - Burndy,oec-cbb-e-0240214-u,OEC-CBB-E-0240214-U
EGBA14224EE - Ilsco,oec-cbb-e-0240214-u,OEC-CBB-E-0240214-U
OEC-CBB-E-0300214-T - Burndy,oec-cbb-e-0300214-u,OEC-CBB-E-0300214-U
EGBA14230EE - Ilsco,oec-cbb-e-0300214-u,OEC-CBB-E-0300214-U
OEC-CBB-E-0360214-T - Burndy,oec-cbb-e-0360214-u,OEC-CBB-E-0360214-U
EGBA14236EE - Ilsco,oec-cbb-e-0360214-u,OEC-CBB-E-0360214-U
OEC-CBB-E-0400214-T - Burndy,oec-cbb-e-0400214-u,OEC-CBB-E-0400214-U
EGBA14240EE - Ilsco,oec-cbb-e-0400214-u,OEC-CBB-E-0400214-U
OEC-CBB-E-0480214-T - Burndy,oec-cbb-e-0480214-u,OEC-CBB-E-0480214-U
EGBA14248EE - Ilsco,oec-cbb-e-0480214-u,OEC-CBB-E-0480214-U
OEC-CBB-E-0720214-T - Burndy,oec-cbb-e-0720214-u,OEC-CBB-E-0720214-U
EGBA14272EE - Ilsco,oec-cbb-e-0720214-u,OEC-CBB-E-0720214-U
OEC-CBB-E-0960214-T - Burndy,oec-cbb-e-0960214-u,OEC-CBB-E-0960214-U
EGBA14296EE - Ilsco,oec-cbb-e-0960214-u,OEC-CBB-E-0960214-U
OEC-CBB-E-0120238-T - Burndy,oec-cbb-e-0120238-u,OEC-CBB-E-0120238-U
OEC-CBB-E-0480238-T - Burndy,oec-cbb-e-0480238-u,OEC-CBB-E-0480238-U
EGBA38212EE - Ilsco,oec-cbb-e-0120238-u,OEC-CBB-E-0120238-U
EGBA38248EE - Ilsco,oec-cbb-e-0480238-u,OEC-CBB-E-0480238-U
OEC-CBB-E-0720238-T - Burndy,oec-cbb-e-0720238-u,OEC-CBB-E-0720238-U
EGBA38272EE - Ilsco,oec-cbb-e-0720238-u,OEC-CBB-E-0720238-U
OEC-CBB-E-0960238-T - Burndy,oec-cbb-e-0960238-u,OEC-CBB-E-0960238-U
EGBA38296EE - Ilsco,oec-cbb-e-0960238-u,OEC-CBB-E-0960238-U
OEC-CBB-E-0080314-T - Burndy,oec-cbb-e-0080314-u,OEC-CBB-E-0080314-U
EGBA14308EE - Ilsco,oec-cbb-e-0080314-u,OEC-CBB-E-0080314-U
OEC-CBB-E-0120314-T - Burndy,oec-cbb-e-0120314-u,OEC-CBB-E-0120314-U
EGBA14312EE - Ilsco,oec-cbb-e-0120314-u,OEC-CBB-E-0120314-U
OEC-CBB-E-0210314-T - Burndy,oec-cbb-e-0210314-u,OEC-CBB-E-0210314-U
EGBA14321EE - Ilsco,oec-cbb-e-0210314-u,OEC-CBB-E-0210314-U
OEC-CBB-E-0320338-T - Burndy,oec-cbb-e-0320338-u,OEC-CBB-E-0320338-U
EGBA38332EE - Ilsco,oec-cbb-e-0320338-u,OEC-CBB-E-0320338-U
OEC-CBB-E-0100414-T - Burndy,oec-cbb-e-0100414-u,OEC-CBB-E-0100414-U
EGBA14410EE - Ilsco,oec-cbb-e-0100414-u,OEC-CBB-E-0100414-U
OEC-CBB-E-0120414-T - Burndy,oec-cbb-e-0120414-u,OEC-CBB-E-0120414-U
EGBA14412EE - Ilsco,oec-cbb-e-0120414-u,OEC-CBB-E-0120414-U
OEC-CBB-E-0140414-T - Burndy,oec-cbb-e-0140414-u,OEC-CBB-E-0140414-U
EGBA14414EE - Ilsco,oec-cbb-e-0140414-u,OEC-CBB-E-0140414-U
OEC-CBB-E-0200414-T - Burndy,oec-cbb-e-0200414-u,OEC-CBB-E-0200414-U
EGBA14420EE - Ilsco,oec-cbb-e-0200414-u,OEC-CBB-E-0200414-U
OEC-CBB-E-0240414-T - Burndy,oec-cbb-e-0240414-u,OEC-CBB-E-0240414-U
EGBA14424EE - Ilsco,oec-cbb-e-0240414-u,OEC-CBB-E-0240414-U
OEC-CBB-E-0300414-T - Burndy,oec-cbb-e-0300414-u,OEC-CBB-E-0300414-U
EGBA14430EE - Ilsco,oec-cbb-e-0300414-u,OEC-CBB-E-0300414-U
OEC-CBB-E-0360414-T - Burndy,oec-cbb-e-0360414-u,OEC-CBB-E-0360414-U
EGBA14436EE - Ilsco,oec-cbb-e-0360414-u,OEC-CBB-E-0360414-U
OEC-CBB-E-0960414-T - Burndy,oec-cbb-e-0960414-u,OEC-CBB-E-0960414-U
EGBA14496EE - Ilsco,oec-cbb-e-0960414-u,OEC-CBB-E-0960414-U
OEC-CBB-E-0360438-T - Burndy,oec-cbb-e-0360438-u,OEC-CBB-E-0360438-U
EGBA38436EE - Ilsco,oec-cbb-e-0360438-u,OEC-CBB-E-0360438-U
OEC-CBB-E-0080438-T - Burndy,oec-cbb-e-0080438-u,OEC-CBB-E-0080438-U
EGBA38408EE - Ilsco,oec-cbb-e-0080438-u,OEC-CBB-E-0080438-U
OEC-CBB-E-0180412-T - Burndy,oec-cbb-e-0180412-u,OEC-CBB-E-0180412-U
EGBA12418EE - Ilsco,oec-cbb-e-0180412-u,OEC-CBB-E-0180412-U
OEC-CBB-E-0200838-T - Burndy,oec-cbb-e-0200838-u,OEC-CBB-E-0200838-U
EGBA38820EE - Ilsco,oec-cbb-e-0200838-u,OEC-CBB-E-0200838-U
OEC-CBB-F-0060414-T - Burndy,oec-cbb-f-0060414-u,OEC-CBB-F-0060414-U
EGBA14406FF - Ilsco,oec-cbb-f-0060414-u,OEC-CBB-F-0060414-U
OEC-CBB-F-0100414-T - Burndy,oec-cbb-f-0100414-u,OEC-CBB-F-0100414-U
EGBA14410FF - Ilsco,oec-cbb-f-0100414-u,OEC-CBB-F-0100414-U
OEC-CBB-F-0120414-T - Burndy,oec-cbb-f-0120414-u,OEC-CBB-F-0120414-U
EGBA14412FF - Ilsco,oec-cbb-f-0120414-u,OEC-CBB-F-0120414-U
OEC-CBB-F-0180414-T - Burndy,oec-cbb-f-0180414-u,OEC-CBB-F-0180414-U
EGBA14418FF - Ilsco,oec-cbb-f-0180414-u,OEC-CBB-F-0180414-U
OEC-CBB-F-0200414-T - Burndy,oec-cbb-f-0200414-u,OEC-CBB-F-0200414-U
EGBA14420FF - Ilsco,oec-cbb-f-0200414-u,OEC-CBB-F-0200414-U
OEC-CBB-F-0240414-T - Burndy,oec-cbb-f-0240414-u,OEC-CBB-F-0240414-U
EGBA14424FF - Ilsco,oec-cbb-f-0240414-u,OEC-CBB-F-0240414-U
OEC-CBB-F-0480414-T - Burndy,oec-cbb-f-0480414-u,OEC-CBB-F-0480414-U
EGBA14448FF - Ilsco,oec-cbb-f-0480414-u,OEC-CBB-F-0480414-U
OEC-CBB-F-0120614-T - Burndy,oec-cbb-f-0120614-u,OEC-CBB-F-0120614-U
EGBA14612FF - Ilsco,oec-cbb-f-0120614-u,OEC-CBB-F-0120614-U
OEC-CBB-G-0060214-T - Burndy,oec-cbb-g-0060214-u,OEC-CBB-G-0060214-U
EGBA14206GG - Ilsco,oec-cbb-g-0060214-u,OEC-CBB-G-0060214-U
OEC-CBB-G-0080214-T - Burndy,oec-cbb-g-0080214-u,OEC-CBB-G-0080214-U
EGBA14208GG - Ilsco,oec-cbb-g-0080214-u,OEC-CBB-G-0080214-U
OEC-CBB-G-0090214-T - Burndy,oec-cbb-g-0090214-u,OEC-CBB-G-0090214-U
EGBA14209GG - Ilsco,oec-cbb-g-0090214-u,OEC-CBB-G-0090214-U
OEC-CBB-G-0100214-T - Burndy,oec-cbb-g-0100214-u,OEC-CBB-G-0100214-U
EGBA14210GG - Ilsco,oec-cbb-g-0100214-u,OEC-CBB-G-0100214-U
OEC-CBB-G-0120214-T - Burndy,oec-cbb-g-0120214-u,OEC-CBB-G-0120214-U
EGBA14212GG - Ilsco,oec-cbb-g-0120214-u,OEC-CBB-G-0120214-U
OEC-CBB-G-0150214-T - Burndy,oec-cbb-g-0150214-u,OEC-CBB-G-0150214-U
EGBA14215GG - Ilsco,oec-cbb-g-0150214-u,OEC-CBB-G-0150214-U
OEC-CBB-G-0160214-T - Burndy,oec-cbb-g-0160214-u,OEC-CBB-G-0160214-U
EGBA14216GG - Ilsco,oec-cbb-g-0160214-u,OEC-CBB-G-0160214-U
OEC-CBB-G-0180214-T - Burndy,oec-cbb-g-0180214-u,OEC-CBB-G-0180214-U
EGBA14218GG - Ilsco,oec-cbb-g-0180214-u,OEC-CBB-G-0180214-U
OEC-CBB-G-0200214-T - Burndy,oec-cbb-g-0200214-u,OEC-CBB-G-0200214-U
EGBA14220GG - Ilsco,oec-cbb-g-0200214-u,OEC-CBB-G-0200214-U
OEC-CBB-G-0240214-T - Burndy,oec-cbb-g-0240214-u,OEC-CBB-G-0240214-U
EGBA14224GG - Ilsco,oec-cbb-g-0240214-u,OEC-CBB-G-0240214-U
OEC-CBB-G-0360214-T - Burndy,oec-cbb-g-0360214-u,OEC-CBB-G-0360214-U
OEC-CBB-G-0360238-T - Burndy,oec-cbb-g-0360238-u,OEC-CBB-G-0360238-U
EGBA38236GG - Ilsco,oec-cbb-g-0360238-u,OEC-CBB-G-0360238-U
OEC-CBB-G-0180314-T - Burndy,oec-cbb-g-0180314-u,OEC-CBB-G-0180314-U
EGBA14318GG - Ilsco,oec-cbb-g-0180314-u,OEC-CBB-G-0180314-U
OEC-CBB-G-0240314-T - Burndy,oec-cbb-g-0240314-u,OEC-CBB-G-0240314-U
EGBA14324GG - Ilsco,oec-cbb-g-0240314-u,OEC-CBB-G-0240314-U
EGBA14236GG - Ilsco,oec-cbb-g-0360214-u,OEC-CBB-G-0360214-U
OEC-CBB-G-0720314-T - Burndy,oec-cbb-g-0720314-u,OEC-CBB-G-0720314-U
EGBA14372GG - Ilsco,oec-cbb-g-0720314-u,OEC-CBB-G-0720314-U
OEC-CBB-G-0120312-T - Burndy,oec-cbb-g-0120312-u,OEC-CBB-G-0120312-U
EGBA12312GG - Ilsco,oec-cbb-g-0120312-u,OEC-CBB-G-0120312-U
OEC-CBB-G-0100414-T - Burndy,oec-cbb-g-0100414-u,OEC-CBB-G-0100414-U
EGBA14410GG - Ilsco,oec-cbb-g-0100414-u,OEC-CBB-G-0100414-U
OEC-CBB-G-0120414-T - Burndy,oec-cbb-g-0120414-u,OEC-CBB-G-0120414-U
EGBA14412GG - Ilsco,oec-cbb-g-0120414-u,OEC-CBB-G-0120414-U
OEC-CBB-G-0150414-T - Burndy,oec-cbb-g-0150414-u,OEC-CBB-G-0150414-U
EGBA14415GG - Ilsco,oec-cbb-g-0150414-u,OEC-CBB-G-0150414-U
OEC-CBB-G-0180414-T - Burndy,oec-cbb-g-0180414-u,OEC-CBB-G-0180414-U
EGBA14418GG - Ilsco,oec-cbb-g-0180414-u,OEC-CBB-G-0180414-U
OEC-CBB-G-0200414-T - Burndy,oec-cbb-g-0200414-u,OEC-CBB-G-0200414-U
EGBA14420GG - Ilsco,oec-cbb-g-0200414-u,OEC-CBB-G-0200414-U
OEC-CBB-G-0240414-T - Burndy,oec-cbb-g-0240414-u,OEC-CBB-G-0240414-U
EGBA14424GG - Ilsco,oec-cbb-g-0240414-u,OEC-CBB-G-0240414-U
OEC-CBB-G-0360414-T - Burndy,oec-cbb-g-0360414-u,OEC-CBB-G-0360414-U
EGBA14436GG - Ilsco,oec-cbb-g-0360414-u,OEC-CBB-G-0360414-U
OEC-CBB-G-0480414-T - Burndy,oec-cbb-g-0480414-u,OEC-CBB-G-0480414-U
EGBA14448GG - Ilsco,oec-cbb-g-0480414-u,OEC-CBB-G-0480414-U
OEC-CBB-G-0600414-T - Burndy,oec-cbb-g-0600414-u,OEC-CBB-G-0600414-U
EGBA14460GG - Ilsco,oec-cbb-g-0600414-u,OEC-CBB-G-0600414-U
OEC-CBB-G-0800414-T - Burndy,oec-cbb-g-0800414-u,OEC-CBB-G-0800414-U
EGBA14480GG - Ilsco,oec-cbb-g-0800414-u,OEC-CBB-G-0800414-U
OEC-CBB-G-0960414-T - Burndy,oec-cbb-g-0960414-u,OEC-CBB-G-0960414-U
EGBA14496GG - Ilsco,oec-cbb-g-0960414-u,OEC-CBB-G-0960414-U
OEC-CBB-G-080414-T - Burndy,oec-cbb-g-0080414-u,OEC-CBB-G-0080414-U
EGBA14408GG - Ilsco,oec-cbb-g-0080414-u,OEC-CBB-G-0080414-U
OEC-CBB-G-0120438-T - Burndy,oec-cbb-g-0120438-u,OEC-CBB-G-0120438-U
EGBA38412GG - Ilsco,oec-cbb-g-0120438-u,OEC-CBB-G-0120438-U
OEC-CBB-G-0120412-T - Burndy,oec-cbb-g-0120412-u,OEC-CBB-G-0120412-U
EGBA12412GG - Ilsco,oec-cbb-g-0120412-u,OEC-CBB-G-0120412-U
OEC-CBB-G-0160438-T - Burndy,oec-cbb-g-0160438-u,OEC-CBB-G-0160438-U
EGBA38416GG - Ilsco,oec-cbb-g-0160438-u,OEC-CBB-G-0160438-U
OEC-CBB-G-0200438-T - Burndy,oec-cbb-g-0200438-u,OEC-CBB-G-0200438-U
EGBA38420GG - Ilsco,oec-cbb-g-0200438-u,OEC-CBB-G-0200438-U
OEC-CBB-G-0480438-T - Burndy,oec-cbb-g-0480438-u,OEC-CBB-G-0480438-U
EGBA38448GG - Ilsco,oec-cbb-g-0480438-u,OEC-CBB-G-0480438-U
OEC-CBB-G-0120614-T - Burndy,oec-cbb-g-0120614-u,OEC-CBB-G-0120614-U
EGBA14612GG - Ilsco,oec-cbb-g-0120614-u,OEC-CBB-G-0120614-U
OEC-CBB-G-0180614-T - Burndy,oec-cbb-g-0180614-u,OEC-CBB-G-0180614-U
EGBA14618GG - Ilsco,oec-cbb-g-0180614-u,OEC-CBB-G-0180614-U
OEC-CBB-G-0300612-T - Burndy,oec-cbb-g-0300612-u,OEC-CBB-G-0300612-U
EGBA12630GG - Ilsco,oec-cbb-g-0300612-u,OEC-CBB-G-0300612-U
OEC-CBB-G-0200812-T - Burndy,oec-cbb-g-0200812-u,OEC-CBB-G-0200812-U
EGBA12820GG - Ilsco,oec-cbb-g-0200812-u,OEC-CBB-G-0200812-U
OEC-CBB-H-0060114-T - Burndy,oec-cbb-h-0060114-u,OEC-CBB-H-0060114-U
EGBA14106HH - Ilsco,oec-cbb-h-0060114-u,OEC-CBB-H-0060114-U
OEC-CBB-H-0120114-T - Burndy,oec-cbb-h-0120114-u,OEC-CBB-H-0120114-U
EGBA14112HH - Ilsco,oec-cbb-h-0120114-u,OEC-CBB-H-0120114-U
OEC-CBB-H-0160114-T - Burndy,oec-cbb-h-0160114-u,OEC-CBB-H-0160114-U
EGBA14116HH - Ilsco,oec-cbb-h-0160114-u,OEC-CBB-H-0160114-U
OEC-CBB-H-0220114-T - Burndy,oec-cbb-h-0220114-u,OEC-CBB-H-0220114-U
EGBA14122HH - Ilsco,oec-cbb-h-0220114-u,OEC-CBB-H-0220114-U
OEC-CBB-H-0080214-T - Burndy,oec-cbb-h-0080214-u,OEC-CBB-H-0080214-U
EGBA14208HH - Ilsco,oec-cbb-h-0080214-u,OEC-CBB-H-0080214-U
OEC-CBB-H-0120214-T - Burndy,oec-cbb-h-0120214-u,OEC-CBB-H-0120214-U
EGBA14212HH - Ilsco,oec-cbb-h-0120214-u,OEC-CBB-H-0120214-U
OEC-CBB-H-0140214-T - Burndy,oec-cbb-h-0140214-u,OEC-CBB-H-0140214-U
EGBA14214HH - Ilsco,oec-cbb-h-0140214-u,OEC-CBB-H-0140214-U
OEC-CBB-H-0150214-T - Burndy,oec-cbb-h-0150214-u,OEC-CBB-H-0150214-U
EGBA14215HH - Ilsco,oec-cbb-h-0150214-u,OEC-CBB-H-0150214-U
OEC-CBB-H-0160214-T - Burndy,oec-cbb-h-0160214-u,OEC-CBB-H-0160214-U
EGBA14216HH - Ilsco,oec-cbb-h-0160214-u,OEC-CBB-H-0160214-U
OEC-CBB-H-0180214-T - Burndy,oec-cbb-h-0180214-u,OEC-CBB-H-0180214-U
EGBA14218HH - Ilsco,oec-cbb-h-0180214-u,OEC-CBB-H-0180214-U
OEC-CBB-H-0200214-T - Burndy,oec-cbb-h-0200214-u,OEC-CBB-H-0200214-U
EGBA14220HH - Ilsco,oec-cbb-h-0200214-u,OEC-CBB-H-0200214-U
OEC-CBB-H-0240214-T - Burndy,oec-cbb-h-0240214-u,OEC-CBB-H-0240214-U
EGBA14224HH - Ilsco,oec-cbb-h-0240214-u,OEC-CBB-H-0240214-U
OEC-CBB-H-0300214-T - Burndy,oec-cbb-h-0300214-u,OEC-CBB-H-0300214-U
EGBA14230HH - Ilsco,oec-cbb-h-0300214-u,OEC-CBB-H-0300214-U
OEC-CBB-H-0180212-T - Burndy,oec-cbb-h-0180212-u,OEC-CBB-H-0180212-U
EGBA12218HH - Ilsco,oec-cbb-h-0180212-u,OEC-CBB-H-0180212-U
OEC-CBB-H-0120314-T - Burndy,oec-cbb-h-0120314-u,OEC-CBB-H-0120314-U
EGBA14312HH - Ilsco,oec-cbb-h-0120314-u,OEC-CBB-H-0120314-U
OEC-CBB-H-0600314-T - Burndy,oec-cbb-h-0600314-u,OEC-CBB-H-0600314-U
EGBA14360HH - Ilsco,oec-cbb-h-0600314-u,OEC-CBB-H-0600314-U
OEC-CBB-H-0120414-T - Burndy,oec-cbb-h-0120414-u,OEC-CBB-H-0120414-U
EGBA14412HH - Ilsco,oec-cbb-h-0120414-u,OEC-CBB-H-0120414-U
OEC-CBB-H-0160414-T - Burndy,oec-cbb-h-0160414-u,OEC-CBB-H-0160414-U
EGBA14416HH - Ilsco,oec-cbb-h-0160414-u,OEC-CBB-H-0160414-U
OEC-CBB-H-0200414-T - Burndy,oec-cbb-h-0200414-u,OEC-CBB-H-0200414-U
EGBA14420HH - Ilsco,oec-cbb-h-0200414-u,OEC-CBB-H-0200414-U
OEC-CBB-H-0120438-T - Burndy,oec-cbb-h-0120438-u,OEC-CBB-H-0120438-U
EGBA38412HH - Ilsco,oec-cbb-h-0120438-u,OEC-CBB-H-0120438-U
OEC-CBB-H-0160438-T - Burndy,oec-cbb-h-0160438-u,OEC-CBB-H-0160438-U
EGBA38416HH - Ilsco,oec-cbb-h-0160438-u,OEC-CBB-H-0160438-U
OEC-CBB-J-0060214-T - Burndy,oec-cbb-j-0060214-u,OEC-CBB-J-0060214-U
EGBA14206JJ - Ilsco,oec-cbb-j-0060214-u,OEC-CBB-J-0060214-U
OEC-CBB-J-0100214-T - Burndy,oec-cbb-j-0100214-u,OEC-CBB-J-0100214-U
EGBA14210JJ - Ilsco,oec-cbb-j-0100214-u,OEC-CBB-J-0100214-U
OEC-CBB-J-0120214-T - Burndy,oec-cbb-j-0120214-u,OEC-CBB-J-0120214-U
EGBA14212JJ - Ilsco,oec-cbb-j-0120214-u,OEC-CBB-J-0120214-U
OEC-CBB-J-0150214-T - Burndy,oec-cbb-j-0150214-u,OEC-CBB-J-0150214-U
EGBA14215JJ - Ilsco,oec-cbb-j-0150214-u,OEC-CBB-J-0150214-U
OEC-CBB-J-0240214-T - Burndy,oec-cbb-j-0240214-u,OEC-CBB-J-0240214-U
EGBA14224JJ - Ilsco,oec-cbb-j-0240214-u,OEC-CBB-J-0240214-U
OEC-CBB-J-0360214-T - Burndy,oec-cbb-j-0360214-u,OEC-CBB-J-0360214-U
EGBA14236JJ - Ilsco,oec-cbb-j-0360214-u,OEC-CBB-J-0360214-U
OEC-CBB-J-0720214-T - Burndy,oec-cbb-j-0720214-u,OEC-CBB-J-0720214-U
EGBA14272JJ - Ilsco,oec-cbb-j-0720214-u,OEC-CBB-J-0720214-U
OEC-CBB-J-1200214-T - Burndy,oec-cbb-j-1200214-u,OEC-CBB-J-1200214-U
OEC-CBB-J-0060214-T - Burndy,oec-cbbj-0060214-u,OEC-CBBJ-0060214-U
EGBA14206JJ - Ilsco,oec-cbbj-0060214-u,OEC-CBBJ-0060214-U
OEC-CBB-J-0160214-T - Burndy,oec-cbb-j-0160214-u,OEC-CBB-J-0160214-U
EGBA14216JJ - Ilsco,oec-cbb-j-0160214-u,OEC-CBB-J-0160214-U
OEC-CBB-J-0200214-T - Burndy,oec-cbb-j-0200214-u,OEC-CBB-J-0200214-U
EGBA14220JJ - Ilsco,oec-cbb-j-0200214-u,OEC-CBB-J-0200214-U
OEC-CBB-J-0080314-T - Burndy,oec-cbb-j-0080314-u,OEC-CBB-J-0080314-U
EGBA14308JJ - Ilsco,oec-cbb-j-0080314-u,OEC-CBB-J-0080314-U
OEC-CBB-J-0120414-T - Burndy,oec-cbb-j-0120414-u,OEC-CBB-J-0120414-U
EGBA14412JJ - Ilsco,oec-cbb-j-0120414-u,OEC-CBB-J-0120414-U
OEC-CBB-J-0180414-T - Burndy,oec-cbb-j-0180414-u,OEC-CBB-J-0180414-U
EGBA14418JJ - Ilsco,oec-cbb-j-0180414-u,OEC-CBB-J-0180414-U
OEC-CBB-J-0240414-T - Burndy,oec-cbb-j-0240414-u,OEC-CBB-J-0240414-U
EGBA14424JJ - Ilsco,oec-cbb-j-0240414-u,OEC-CBB-J-0240414-U
OEC-CBB-J-0360414-T - Burndy,oec-cbb-j-0360414-u,OEC-CBB-J-0360414-U
EGBA14436JJ - Ilsco,oec-cbb-j-0360414-u,OEC-CBB-J-0360414-U
OEC-CBB-L-0120314-T - Burndy,oec-cbb-l-0120314-u,OEC-CBB-L-0120314-U
EGBA14312LL - Ilsco,oec-cbb-l-0120314-u,OEC-CBB-L-0120314-U
OEC-CBB-L-0240314-T - Burndy,oec-cbb-l-0240314-u,OEC-CBB-L-0240314-U
EGBA14324LL - Ilsco,oec-cbb-l-0240314-u,OEC-CBB-L-0240314-U
OEC-CBB-L-0060414-T - Burndy,oec-cbb-l-0060414-u,OEC-CBB-L-0060414-U
EGBA14406LL - Ilsco,oec-cbb-l-0060414-u,OEC-CBB-L-0060414-U
OEC-CBB-L-0100414-T - Burndy,oec-cbb-l-0100414-u,OEC-CBB-L-0100414-U
EGBA14410LL - Ilsco,oec-cbb-l-0100414-u,OEC-CBB-L-0100414-U
OEC-CBB-L-0120414-T - Burndy,oec-cbb-l-0120414-u,OEC-CBB-L-0120414-U
EGBA14412LL - Ilsco,oec-cbb-l-0120414-u,OEC-CBB-L-0120414-U
OEC-CBB-L-0140414-T - Burndy,oec-cbb-l-0140414-u,OEC-CBB-L-0140414-U
EGBA14414LL - Ilsco,oec-cbb-l-0140414-u,OEC-CBB-L-0140414-U
OEC-CBB-L-0160414-T - Burndy,oec-cbb-l-0160414-u,OEC-CBB-L-0160414-U
EGBA14416LL - Ilsco,oec-cbb-l-0160414-u,OEC-CBB-L-0160414-U
OEC-CBB-L-0180414-T - Burndy,oec-cbb-l-0180414-u,OEC-CBB-L-0180414-U
EGBA14418LL - Ilsco,oec-cbb-l-0180414-u,OEC-CBB-L-0180414-U
OEC-CBB-L-0200414-T - Burndy,oec-cbb-l-0200414-u,OEC-CBB-L-0200414-U
EGBA14420LL - Ilsco,oec-cbb-l-0200414-u,OEC-CBB-L-0200414-U
OEC-CBB-L-0240414-T - Burndy,oec-cbb-l-0240414-u,OEC-CBB-L-0240414-U
EGBA14424LL - Ilsco,oec-cbb-l-0240414-u,OEC-CBB-L-0240414-U
OEC-CBB-L-0300414-T - Burndy,oec-cbb-l-0300414-u,OEC-CBB-L-0300414-U
EGBA14430LL - Ilsco,oec-cbb-l-0300414-u,OEC-CBB-L-0300414-U
OEC-CBB-L-0360414-T - Burndy,oec-cbb-l-0360414-u,OEC-CBB-L-0360414-U
EGBA14436LL - Ilsco,oec-cbb-l-0360414-u,OEC-CBB-L-0360414-U
OEC-CBB-L-0400414-T - Burndy,oec-cbb-l-0400414-u,OEC-CBB-L-0400414-U
EGBA14440LL - Ilsco,oec-cbb-l-0400414-u,OEC-CBB-L-0400414-U
OEC-CBB-L-0480414-T - Burndy,oec-cbb-l-0480414-u,OEC-CBB-L-0480414-U
EGBA14448LL - Ilsco,oec-cbb-l-0480414-u,OEC-CBB-L-0480414-U
OEC-CBB-L-0960414-T - Burndy,oec-cbb-l-0960414-u,OEC-CBB-L-0960414-U
EGBA14496LL - Ilsco,oec-cbb-l-0960414-u,OEC-CBB-L-0960414-U
OEC-CBB-L-0240614-T - Burndy,oec-cbb-l-0240614-u,OEC-CBB-L-0240614-U
EGBA14624LL - Ilsco,oec-cbb-l-0240614-u,OEC-CBB-L-0240614-U
OEC-CBB-L-0240814-T - Burndy,oec-cbb-l-0240814-u,OEC-CBB-L-0240814-U
EGBA14824LL - Ilsco,oec-cbb-l-0240814-u,OEC-CBB-L-0240814-U
OEC-CBB-M-0240314-T - Burndy,oec-cbb-m-0240314-u,OEC-CBB-M-0240314-U
EGBA14324MM - Ilsco,oec-cbb-m-0240314-u,OEC-CBB-M-0240314-U
OEC-CBB-M-0080314-T - Burndy,oec-cbb-m-0080314-u,OEC-CBB-M-0080314-U
EGBA14308MM - Ilsco,oec-cbb-m-0080314-u,OEC-CBB-M-0080314-U
OEC-CBB-M-0120314-T - Burndy,oec-cbb-m-0120314-u,OEC-CBB-M-0120314-U
EGBA14312MM - Ilsco,oec-cbb-m-0120314-u,OEC-CBB-M-0120314-U
OEC-CBB-M-0080414-T - Burndy,oec-cbb-m-0080414-u,OEC-CBB-M-0080414-U
EGBA14408MM - Ilsco,oec-cbb-m-0080414-u,OEC-CBB-M-0080414-U
OEC-CBB-M-0120414-T - Burndy,oec-cbb-m-0120414-u,OEC-CBB-M-0120414-U
EGBA14412MM - Ilsco,oec-cbb-m-0120414-u,OEC-CBB-M-0120414-U
OEC-CBB-M-0160414-T - Burndy,oec-cbb-m-0160414-u,OEC-CBB-M-0160414-U
EGBA14416MM - Ilsco,oec-cbb-m-0160414-u,OEC-CBB-M-0160414-U
OEC-CBB-M-0180414-T - Burndy,oec-cbb-m-0180414-u,OEC-CBB-M-0180414-U
EGBA14418MM - Ilsco,oec-cbb-m-0180414-u,OEC-CBB-M-0180414-U
OEC-CBB-M-0200414-T - Burndy,oec-cbb-m-0200414-u,OEC-CBB-M-0200414-U
EGBA14420MM - Ilsco,oec-cbb-m-0200414-u,OEC-CBB-M-0200414-U
OEC-CBB-M-0240414-T - Burndy,oec-cbb-m-0240414-u,OEC-CBB-M-0240414-U
EGBA14424MM - Ilsco,oec-cbb-m-0240414-u,OEC-CBB-M-0240414-U
OEC-CBB-M-0360412-T - Burndy,oec-cbb-m-0360412-u,OEC-CBB-M-0360412-U
EGBA12436MM - Ilsco,oec-cbb-m-0360412-u,OEC-CBB-M-0360412-U
OEC-CBB-M-0480414-T - Burndy,oec-cbb-m-0480414-u,OEC-CBB-M-0480414-U
EGBA14448MM - Ilsco,oec-cbb-m-0480414-u,OEC-CBB-M-0480414-U
OEC-CBB-M-0180412-T - Burndy,oec-cbb-m-0180412-u,OEC-CBB-M-0180412-U
OEC-CBB-M-0180614-T - Burndy,oec-cbb-m-0180614-u,OEC-CBB-M-0180614-U
EGBA12418MM - Ilsco,oec-cbb-m-0180412-u,OEC-CBB-M-0180412-U
EGBA14618MM - Ilsco,oec-cbb-m-0180614-u,OEC-CBB-M-0180614-U
OEC-CBB-M-0480612-T - Burndy,oec-cbb-m-0480612-u,OEC-CBB-M-0480612-U
EGBA12648MM - Ilsco,oec-cbb-m-0480612-u,OEC-CBB-M-0480612-U
OEC-CBB-M-0240814-T - Burndy,oec-cbb-m-0240814-u,OEC-CBB-M-0240814-U
EGBA14824MM - Ilsco,oec-cbb-m-0240814-u,OEC-CBB-M-0240814-U
OEC-CBB-N-0060114-T - Burndy,oec-cbb-n-0060114-u,OEC-CBB-N-0060114-U
EGBA14106NN - Ilsco,oec-cbb-n-0060114-u,OEC-CBB-N-0060114-U
OEC-CBB-N-0100114-T - Burndy,oec-cbb-n-0100114-u,OEC-CBB-N-0100114-U
EGBA14110NN - Ilsco,oec-cbb-n-0100114-u,OEC-CBB-N-0100114-U
OEC-CBB-N-0120114-T - Burndy,oec-cbb-n-0120114-u,OEC-CBB-N-0120114-U
EGBA14112NN - Ilsco,oec-cbb-n-0120114-u,OEC-CBB-N-0120114-U
OEC-CBB-N-0180114-T - Burndy,oec-cbb-n-0180114-u,OEC-CBB-N-0180114-U
EGBA14118NN - Ilsco,oec-cbb-n-0180114-u,OEC-CBB-N-0180114-U
OEC-CBB-N-0240114-T - Burndy,oec-cbb-n-0240114-u,OEC-CBB-N-0240114-U
EGBA14124NN - Ilsco,oec-cbb-n-0240114-u,OEC-CBB-N-0240114-U
OEC-CBB-N-0320114-T - Burndy,oec-cbb-n-0320114-u,OEC-CBB-N-0320114-U
EGBA14132NN - Ilsco,oec-cbb-n-0320114-u,OEC-CBB-N-0320114-U
OEC-CBB-N-0480114-T - Burndy,oec-cbb-n-0480114-u,OEC-CBB-N-0480114-U
EGBA14148NN - Ilsco,oec-cbb-n-0480114-u,OEC-CBB-N-0480114-U
OEC-CBB-N-0720114-T - Burndy,oec-cbb-n-0720114-u,OEC-CBB-N-0720114-U
EGBA14172NN - Ilsco,oec-cbb-n-0720114-u,OEC-CBB-N-0720114-U
OEC-CBB-N-0060214-T - Burndy,oec-cbb-n-0060214-u,OEC-CBB-N-0060214-U
EGBA14206NN - Ilsco,oec-cbb-n-0060214-u,OEC-CBB-N-0060214-U
OEC-CBB-N-0060212-T - Burndy,oec-cbb-n-0060212-u,OEC-CBB-N-0060212-U
EGBA12206NN - Ilsco,oec-cbb-n-0060212-u,OEC-CBB-N-0060212-U
OEC-CBB-N-0080214-T - Burndy,oec-cbb-n-0080214-u,OEC-CBB-N-0080214-U
EGBA14208NN - Ilsco,oec-cbb-n-0080214-u,OEC-CBB-N-0080214-U
OEC-CBB-N-0100214-T - Burndy,oec-cbb-n-0100214-u,OEC-CBB-N-0100214-U
EGBA14210NN - Ilsco,oec-cbb-n-0100214-u,OEC-CBB-N-0100214-U
OEC-CBB-N-0120214-T - Burndy,oec-cbb-n-0120214-u,OEC-CBB-N-0120214-U
EGBA14212NN - Ilsco,oec-cbb-n-0120214-u,OEC-CBB-N-0120214-U
OEC-CBB-N-0120212-T - Burndy,oec-cbb-n-0120212-u,OEC-CBB-N-0120212-U
EGBA12212NN - Ilsco,oec-cbb-n-0120212-u,OEC-CBB-N-0120212-U
OEC-CBB-N-0140214-T - Burndy,oec-cbb-n-0140214-u,OEC-CBB-N-0140214-U
EGBA14214NN - Ilsco,oec-cbb-n-0140214-u,OEC-CBB-N-0140214-U
OEC-CBB-N-0150214-T - Burndy,oec-cbb-n-0150214-u,OEC-CBB-N-0150214-U
EGBA14215NN - Ilsco,oec-cbb-n-0150214-u,OEC-CBB-N-0150214-U
OEC-CBB-N-0160214-T - Burndy,oec-cbb-n-0160214-u,OEC-CBB-N-0160214-U
EGBA14216NN - Ilsco,oec-cbb-n-0160214-u,OEC-CBB-N-0160214-U
OEC-CBB-N-0180214-T - Burndy,oec-cbb-n-0180214-u,OEC-CBB-N-0180214-U
EGBA14218NN - Ilsco,oec-cbb-n-0180214-u,OEC-CBB-N-0180214-U
OEC-CBB-N-0200214-T - Burndy,oec-cbb-n-0200214-u,OEC-CBB-N-0200214-U
EGBA14220NN - Ilsco,oec-cbb-n-0200214-u,OEC-CBB-N-0200214-U
OEC-CBB-N-0240214-T - Burndy,oec-cbb-n-0240214-u,OEC-CBB-N-0240214-U
EGBA14224NN - Ilsco,oec-cbb-n-0240214-u,OEC-CBB-N-0240214-U
OEC-CBB-N-0240212-T - Burndy,oec-cbb-n-0240212-u,OEC-CBB-N-0240212-U
EGBA12224NN - Ilsco,oec-cbb-n-0240212-u,OEC-CBB-N-0240212-U
OEC-CBB-N-0480214-T - Burndy,oec-cbb-n-0480214-u,OEC-CBB-N-0480214-U
EGBA14248NN - Ilsco,oec-cbb-n-0480214-u,OEC-CBB-N-0480214-U
OEC-CBB-N-0600214-T - Burndy,oec-cbb-n-0600214-u,OEC-CBB-N-0600214-U
EGBA14260NN - Ilsco,oec-cbb-n-0600214-u,OEC-CBB-N-0600214-U
OEC-CBB-N-0720238-T - Burndy,oec-cbb-n-0720238-u,OEC-CBB-N-0720238-U
EGBA38272NN - Ilsco,oec-cbb-n-0720238-u,OEC-CBB-N-0720238-U
OEC-CBB-N-0720214-T - Burndy,oec-cbb-n-0720214-u,OEC-CBB-N-0720214-U
EGBA14272NN - Ilsco,oec-cbb-n-0720214-u,OEC-CBB-N-0720214-U
OEC-CBB-N-0840214-T - Burndy,oec-cbb-n-0840214-u,OEC-CBB-N-0840214-U
EGBA14284NN - Ilsco,oec-cbb-n-0840214-u,OEC-CBB-N-0840214-U
OEC-CBB-N-0960214-T - Burndy,oec-cbb-n-0960214-u,OEC-CBB-N-0960214-U
EGBA14296NN - Ilsco,oec-cbb-n-0960214-u,OEC-CBB-N-0960214-U
OEC-CBB-N-0060314-T - Burndy,oec-cbb-n-0060314-u,OEC-CBB-N-0060314-U
EGBA14306NN - Ilsco,oec-cbb-n-0060314-u,OEC-CBB-N-0060314-U
OEC-CBB-N-0100314-T - Burndy,oec-cbbn-0100314-u,OEC-CBBN-0100314-U
EGBA14310NN - Ilsco,oec-cbbn-0100314-u,OEC-CBBN-0100314-U
OEC-CBB-N-0120314-T - Burndy,oec-cbb-n-0120314-u,OEC-CBB-N-0120314-U
EGBA14312NN - Ilsco,oec-cbb-n-0120314-u,OEC-CBB-N-0120314-U
OEC-CBB-N-0140314-T - Burndy,oec-cbb-n-0140314-u,OEC-CBB-N-0140314-U
EGBA14314NN - Ilsco,oec-cbb-n-0140314-u,OEC-CBB-N-0140314-U
OEC-CBB-N-0240314-T - Burndy,oec-cbb-n-0240314-u,OEC-CBB-N-0240314-U
EGBA14324NN - Ilsco,oec-cbb-n-0240314-u,OEC-CBB-N-0240314-U
LB1CG - Topaz,elb050thcg,ELB050THCG
LB2CG - Topaz,elb075thcg,ELB075THCG
LB3CG - Topaz,elb100thcg,ELB100THCG
LB4CG - Topaz,elb125thcg,ELB125THCG
LB5CG - Topaz,elb150thcg,ELB150THCG
LB6CG - Topaz,elb200thcg,ELB200THCG
LB7CG - Topaz,elb250thcg,ELB250THCG
LB8CG - Topaz,elb300thcg,ELB300THCG
LB9CG - Topaz,elb350thcg,ELB350THCG
LB10CG - Topaz,elb400thcg,ELB400THCG
LB1 - Topaz,elb050th,ELB050TH
LB2 - Topaz,elb075th,ELB075TH
LB3 - Topaz,elb100th,ELB100TH
LB4 - Topaz,elb125th,ELB125TH
LB5 - Topaz,elb150th,ELB150TH
LB6 - Topaz,elb200th,ELB200TH
LB7 - Topaz,elb250th,ELB250TH
LB8 - Topaz,elb300th,ELB300TH
LB9 - Topaz,elb350th,ELB350TH
LB10 - Topaz,elb400th,ELB400TH
C1CG - Topaz,elc050thcg,ELC050THCG
C2CG - Topaz,elc075thcg,ELC075THCG
C3CG - Topaz,elc100thcg,ELC100THCG
C4CG - Topaz,elc125thcg,ELC125THCG
C5CG - Topaz,elc150thcg,ELC150THCG
C6CG - Topaz,elc200thcg,ELC200THCG
C7CG - Topaz,elc250thcg,ELC250THCG
C8CG - Topaz,elc300thcg,ELC300THCG
C9CG - Topaz,elc350thcg,ELC350THCG
C10CG - Topaz,elc400thcg,ELC400THCG
C1 - Topaz,elc050th,ELC050TH
C2 - Topaz,elc075th,ELC075TH
C3 - Topaz,elc100th,ELC100TH
C4 - Topaz,elc125th,ELC125TH
C5 - Topaz,elc150th,ELC150TH
C6 - Topaz,elc200th,ELC200TH
C7 - Topaz,elc250th,ELC250TH
C8 - Topaz,elc300th,ELC300TH
C9 - Topaz,elc350th,ELC350TH
C10 - Topaz,elc400th,ELC400TH
LL1CG - Topaz,ell050thcg,ELL050THCG
LL2CG - Topaz,ell075thcg,ELL075THCG
LL3CG - Topaz,ell100thcg,ELL100THCG
LL4CG - Topaz,ell125thcg,ELL125THCG
LL5CG - Topaz,ell150thcg,ELL150THCG
LL6CG - Topaz,ell200thcg,ELL200THCG
LL7CG - Topaz,ell250thcg,ELL250THCG
LL8CG - Topaz,ell300thcg,ELL300THCG
LL9CG - Topaz,ell350thcg,ELL350THCG
LL10CG - Topaz,ell400thcg,ELL400THCG
LL1 - Topaz,ell050th,ELL050TH
LL2 - Topaz,ell075th,ELL075TH
LL3 - Topaz,ell100th,ELL100TH
LL4 - Topaz,ell125th,ELL125TH
LL5 - Topaz,ell150th,ELL150TH
LL6 - Topaz,ell200th,ELL200TH
LL7 - Topaz,ell250th,ELL250TH
LL8 - Topaz,ell300th,ELL300TH
LL9 - Topaz,ell350th,ELL350TH
LL10 - Topaz,ell400th,ELL400TH
LR1CG - Topaz,elr050thcg,ELR050THCG
LR2CG - Topaz,elr075thcg,ELR075THCG
LR3CG - Topaz,elr100thcg,ELR100THCG
LR4CG - Topaz,elr125thcg,ELR125THCG
LR5CG - Topaz,elr150thcg,ELR150THCG
LR6CG - Topaz,elr200thcg,ELR200THCG
LR7CG - Topaz,elr250thcg,ELR250THCG
LR8CG - Topaz,elr300thcg,ELR300THCG
LR9CG - Topaz,elr350thcg,ELR350THCG
LR10CG - Topaz,elr400thcg,ELR400THCG
LR1 - Topaz,elr050th,ELR050TH
LR2 - Topaz,elr075th,ELR075TH
LR3 - Topaz,elr100th,ELR100TH
LR4 - Topaz,elr125th,ELR125TH
LR5 - Topaz,elr150th,ELR150TH
LR6 - Topaz,elr200th,ELR200TH
LR7 - Topaz,elr250th,ELR250TH
LR8 - Topaz,elr300th,ELR300TH
LR9 - Topaz,elr350th,ELR350TH
LR10 - Topaz,elr400th,ELR400TH
T1CG - Topaz,elt050thcg,ELT050THCG
T2CG - Topaz,elt075thcg,ELT075THCG
T3CG - Topaz,elt100thcg,ELT100THCG
T4CG - Topaz,elt125thcg,ELT125THCG
T5CG - Topaz,elt150thcg,ELT150THCG
T6CG - Topaz,elt200thcg,ELT200THCG
T7CG - Topaz,elt250thcg,ELT250THCG
T8CG - Topaz,elt300thcg,ELT300THCG
T9CG - Topaz,elt350thcg,ELT350THCG
T10CG - Topaz,elt400thcg,ELT400THCG
T1 - Topaz,elt050th,ELT050TH
T2 - Topaz,elt075th,ELT075TH
T3 - Topaz,elt100th,ELT100TH
T4 - Topaz,elt125th,ELT125TH
T5 - Topaz,elt150th,ELT150TH
T6 - Topaz,elt200th,ELT200TH
T7 - Topaz,elt250th,ELT250TH
T8 - Topaz,elt300th,ELT300TH
T6SS - Topaz,elt200cc,ELT200CC
T5SS - Topaz,elt150cc,ELT150CC
T4SS - Topaz,elt125cc,ELT125CC
T3SS - Topaz,elt100cc,ELT100CC
T2SS - Topaz,elt075cc,ELT075CC
T1SS - Topaz,elt050cc,ELT050CC
T6SSCG - Topaz,elt200cccg,ELT200CCCG
T5SSG - Topaz,elt150cccg,ELT150CCCG
T4SSCG - Topaz,elt125cccg,ELT125CCCG
T3SSCG - Topaz,elt100cccg,ELT100CCCG
T2SSCG - Topaz,elt075cccg,ELT075CCCG
T1SSCG - Topaz,elt050cccg,ELT050CCCG
LR6SS - Topaz,elr200cc,ELR200CC
LR5SS - Topaz,elr150cc,ELR150CC
LR4SS - Topaz,elr125cc,ELR125CC
LR3SS - Topaz,elr100cc,ELR100CC
LR2SS - Topaz,elr075cc,ELR075CC
LR1SS - Topaz,elr050cc,ELR050CC
LR6SSCG - Topaz,elr200cccg,ELR200CCCG
LR5SSCG - Topaz,elr150cccg,ELR150CCCG
LR4SSCG - Topaz,elr125cccg,ELR125CCCG
LR3SSCG - Topaz,elr100cccg,ELR100CCCG
LR2SSCG - Topaz,elr075cccg,ELR075CCCG
LR1SSCG - Topaz,elr050cccg,ELR050CCCG
LL6SS - Topaz,ell200cc,ELL200CC
LL5SS - Topaz,ell150cc,ELL150CC
LL4SS - Topaz,ell125cc,ELL125CC
LL3SS - Topaz,ell100cc,ELL100CC
LL2SS - Topaz,ell075cc,ELL075CC
LL1SS - Topaz,ell050cc,ELL050CC
LL6SSCG - Topaz,ell200cccg,ELL200CCCG
LL5SSCG - Topaz,ell150cccg,ELL150CCCG
LL4SSCG - Topaz,ell125cccg,ELL125CCCG
LL3SSCG - Topaz,ell100cccg,ELL100CCCG
LL2SSCG - Topaz,ell075cccg,ELL075CCCG
LL1SSCG - Topaz,ell050cccg,ELL050CCCG
C6SS - Topaz,elc200cc,ELC200CC
C5SS - Topaz,elc150cc,ELC150CC
C4SS - Topaz,elc125cc,ELC125CC
C3SS - Topaz,elc100cc,ELC100CC
C2SS - Topaz,elc075cc,ELC075CC
C1SS - Topaz,elc050cc,ELC050CC
C6SSCG - Topaz,elc200cccg,ELC200CCCG
C5SSCG - Topaz,elc150cccg,ELC150CCCG
C4SSCG - Topaz,elc125cccg,ELC125CCCG
C3SSCG - Topaz,elc100cccg,ELC100CCCG
C2SSCG - Topaz,elc075cccg,ELC075CCCG
C1SSCG - Topaz,elc050cccg,ELC050CCCG
LB6SS - Topaz,elb200cc,ELB200CC
LB5SS - Topaz,elb150cc,ELB150CC
LB4SS - Topaz,elb125cc,ELB125CC
LB3SS - Topaz,elb100cc,ELB100CC
LB2SS - Topaz,elb075cc,ELB075CC
LB1SS - Topaz,elb050cc,ELB050CC
T9 - Topaz,elt350th,ELT350TH
T10 - Topaz,elt400th,ELT400TH
ELB1CG - Topaz,elb050sscg,ELB050SSCG
ELB2CG - Topaz,elb075sscg,ELB075SSCG
ELB3CG - Topaz,elb100sscg,ELB100SSCG
ELB4CG - Topaz,elb125sscg,ELB125SSCG
ELB5CG - Topaz,elb150sscg,ELB150SSCG
ELB6CG - Topaz,elb200sscg,ELB200SSCG
ELB7CG - Topaz,elb250sscg,ELB250SSCG
ELB8CG - Topaz,elb300sscg,ELB300SSCG
ELB9CG - Topaz,elb350sscg,ELB350SSCG
ELB10CG - Topaz,elb400sscg,ELB400SSCG
ELB1 - Topaz,elb050ss,ELB050SS
ELB2 - Topaz,elb075ss,ELB075SS
ELB3 - Topaz,elb100ss,ELB100SS
ELB4 - Topaz,elb125ss,ELB125SS
ELB5 - Topaz,elb150ss,ELB150SS
ELB6 - Topaz,elb200ss,ELB200SS
ELB7 - Topaz,elb250ss,ELB250SS
ELB8 - Topaz,elb300ss,ELB300SS
ELB9 - Topaz,elb350ss,ELB350SS
ELB10 - Topaz,elb400ss,ELB400SS
ELC1CG - Topaz,elc050sscg,ELC050SSCG
ELC2CG - Topaz,elc075sscg,ELC075SSCG
ELC3CG - Topaz,elc100sscg,ELC100SSCG
ELC4CG - Topaz,elc125sscg,ELC125SSCG
ELC5CG - Topaz,elc150sscg,ELC150SSCG
ELC6CG - Topaz,elc200sscg,ELC200SSCG
ELC7CG - Topaz,elc250sscg,ELC250SSCG
ELC8CG - Topaz,elc300sscg,ELC300SSCG
ELC9CG - Topaz,elc350sscg,ELC350SSCG
ELC10CG - Topaz,elc400sscg,ELC400SSCG
ELL1CG - Topaz,ell050sscg,ELL050SSCG
ELL2CG - Topaz,ell075sscg,ELL075SSCG
ELL3CG - Topaz,ell100sscg,ELL100SSCG
ELL4CG - Topaz,ell125sscg,ELL125SSCG
ELL5CG - Topaz,ell150sscg,ELL150SSCG
ELL6CG - Topaz,ell200sscg,ELL200SSCG
ELL7CG - Topaz,ell250sscg,ELL250SSCG
ELL8CG - Topaz,ell300sscg,ELL300SSCG
ELL9CG - Topaz,ell350sscg,ELL350SSCG
ELL10CG - Topaz,ell400sscg,ELL400SSCG
ELL1 - Topaz,ell050ss,ELL050SS
ELL2 - Topaz,ell075ss,ELL075SS
ELL3 - Topaz,ell100ss,ELL100SS
ELL4 - Topaz,ell125ss,ELL125SS
ELL5 - Topaz,ell150ss,ELL150SS
ELL6 - Topaz,ell200ss,ELL200SS
ELL7 - Topaz,ell250ss,ELL250SS
ELL8 - Topaz,ell300ss,ELL300SS
ELL9 - Topaz,ell350ss,ELL350SS
ELL10 - Topaz,ell400ss,ELL400SS
ELR1CG - Topaz,elr050sscg,ELR050SSCG
ELR2CG - Topaz,elr075sscg,ELR075SSCG
ELR3CG - Topaz,elr100sscg,ELR100SSCG
ELR4CG - Topaz,elr125sscg,ELR125SSCG
ELR5CG - Topaz,elr150sscg,ELR150SSCG
ELR6CG - Topaz,elr200sscg,ELR200SSCG
ELR7CG - Topaz,elr250sscg,ELR250SSCG
ELR8CG - Topaz,elr300sscg,ELR300SSCG
ELR9CG - Topaz,elr350sscg,ELR350SSCG
ELR10CG - Topaz,elr400sscg,ELR400SSCG
ELR1 - Topaz,elr050ss,ELR050SS
ELR2 - Topaz,elr075ss,ELR075SS
ELR3 - Topaz,elr100ss,ELR100SS
ELR4 - Topaz,elr125ss,ELR125SS
ELR5 - Topaz,elr150ss,ELR150SS
ELR6 - Topaz,elr200ss,ELR200SS
ELR7 - Topaz,elr250ss,ELR250SS
ELR8 - Topaz,elr300ss,ELR300SS
ELR9 - Topaz,elr350ss,ELR350SS
ELR10 - Topaz,elr400ss,ELR400SS
ET1CG - Topaz,elt050sscg,ELT050SSCG
ET2CG - Topaz,elt075sscg,ELT075SSCG
ET3CG - Topaz,elt100sscg,ELT100SSCG
ET4CG - Topaz,elt125sscg,ELT125SSCG
ET5CG - Topaz,elt150sscg,ELT150SSCG
ET6CG - Topaz,elt200sscg,ELT200SSCG
ET7CG - Topaz,elt250sscg,ELT250SSCG
ET8CG - Topaz,elt300sscg,ELT300SSCG
ET9CG - Topaz,elt350sscg,ELT350SSCG
ET10CG - Topaz,elt400sscg,ELT400SSCG
ET1 - Topaz,elt050ss,ELT050SS
ET2 - Topaz,elt075ss,ELT075SS
ET3 - Topaz,elt100ss,ELT100SS
ET4 - Topaz,elt125ss,ELT125SS
ET5 - Topaz,elt150ss,ELT150SS
ET6 - Topaz,elt200ss,ELT200SS
ET7 - Topaz,elt250ss,ELT250SS
ET8 - Topaz,elt300ss,ELT300SS
ET9 - Topaz,elt350ss,ELT350SS
ET10 - Topaz,elt400ss,ELT400SS
LB1SSCG - Topaz,elb050cccg,ELB050CCCG
LB2SSCG - Topaz,elb075cccg,ELB075CCCG
LB3SSCG - Topaz,elb100cccg,ELB100CCCG
LB4SSCG - Topaz,elb125cccg,ELB125CCCG
LB5SSCG - Topaz,elb150cccg,ELB150CCCG
LB6SSCG - Topaz,elb200cccg,ELB200CCCG
B-5V - BWF,w1b503,W1B503
W41351 - Halex,w1b503,W1B503
1B50-3 - Oribit,w1b503,W1B503
B-5AV - BWF,w1b503ab,W1B503AB
W41353 - Halex,w1b503ab,W1B503AB
1B50-3-BR - Oribit,w1b503ab,W1B503AB
B-5WV - BWF,w1b503wh,W1B503WH
W41352 - Halex,w1b503wh,W1B503WH
1B50-3-W - Oribit,w1b503wh,W1B503WH
B-75V - BWF,w1b753,W1B753
W41371 - Halex,w1b753,W1B753
1B75-3 - Oribit,w1b753,W1B753
B-75AV - BWF,w1b753ab,W1B753AB
1B75-3BR - Oribit,w1b753ab,W1B753AB
B-75WV - BWF,w1b753wh,W1B753WH
1B75-3W - Oribit,w1b753wh,W1B753WH
B-100V - BWF,w1b1003,W1B1003
1B100-3 - Oribit,w1b1003,W1B1003
DB-5V - BWF,w1db503,W1DB503
W43351 - Halex,w1db503,W1DB503
1DB50-3 - Oribit,w1db503,W1DB503
W43353 - Halex,w1db503ab,W1DB503AB
W43352 - Halex,w1db503wh,W1DB503WH
DB-75V - BWF,w1db753,W1DB753
W43371 - Halex,w1db753,W1DB753
1DB75-3 - Oribit,w1db753,W1DB753
DB-100V - BWF,w1db1003,W1DB1003
1DB100-3 - Oribit,w1db1003,W1DB1003
B5-2V - BWF,w1b504,W1B504
W41451 - Halex,w1b504,W1B504
1B50-4 - Oribit,w1b504,W1B504
B5-2AV - BWF,w1b504ab,W1B504AB
W41453 - Halex,w1b504ab,W1B504AB
1B50-4-BR - Oribit,w1b504ab,W1B504AB
B5-2WV - BWF,w1b504wh,W1B504WH
W41452 - Halex,w1b504wh,W1B504WH
1B50-4-W - Oribit,w1b504wh,W1B504WH
B75-2V - BWF,w1b754,W1B754
W41471 - Halex,w1b754,W1B754
1B75-4 - Oribit,w1b754,W1B754
B75-2AV - BWF,w1b754ab,W1B754AB
1B75-4-BR - Oribit,w1b754ab,W1B754AB
B75-2WV - BWF,w1b754wh,W1B754WH
1B75-4-W - Oribit,w1b754wh,W1B754WH
1DB50-4 - Oribit,w1db504,W1DB504
1DB75-4 - Oribit,w1db754,W1DB754
B5-22V - BWF,w1b505,W1B505
W41551 - Halex,w1b505,W1B505
1B50-5 - Oribit,w1b505,W1B505
B5-22AV - BWF,w1b505ab,W1B505AB
W41553 - Halex,w1b505ab,W1B505AB
1B50-5-BR - Oribit,w1b505ab,W1B505AB
B5-22WV - BWF,w1b505wh,W1B505WH
W41552 - Halex,w1b505wh,W1B505WH
1B50-5-W - Oribit,w1b505wh,W1B505WH
B75-22V - BWF,w1b755,W1B755
B75-22AV - BWF,w1b755ab,W1B755AB
1B75-5-BR - Oribit,w1b755ab,W1B755AB
B75-22WV - BWF,w1b755wh,W1B755WH
1B75-5-W - Oribit,w1b755wh,W1B755WH
B5-22XV - BWF,w1b505x,W1B505X
B75-22XV - BWF,w1b755x,W1B755X
1B75-5X - Oribit,w1b755x,W1B755X
B100-22XV - BWF,w1b1005x,W1B1005X
DB5-22XV - BWF,w1db505x,W1DB505X
1DB50-5X - Oribit,w1db505x,W1DB505X
DB75-22XV - BWF,w1db755x,W1DB755X
1DB75-5X - Oribit,w1db755x,W1DB755X
DB100-22XV - BWF,w1db1005x,W1DB1005X
TGB-5V - BWF,w2b503,W2B503
W42351 - Halex,w2b503,W2B503
W42353 - Halex,w2b503ab,W2B503AB
W42352 - Halex,w2b503wh,W2B503WH
TGB-75V - BWF,w2b753,W2B753
W42371 - Halex,w2b753,W2B753
TGB-100V - BWF,w2b1003,W2B1003
TGB-100AV - BWF,w2b1003ab,W2B1003AB
TGB-100WV - BWF,w2b1003wh,W2B1003WH
5335-0 - Burndy,w2b504,W2B504
W42451 - Halex,w2b504,W2B504
W42452 - Halex,w2b504wh,W2B504WH
TGB75-4V - BWF,w2b754,W2B754
2B50-4 - Oribit,w2b504u,W2B504U
2B75-4 - Oribit,w2b754u,W2B754U
TGB-55V - BWF,w2b505,W2B505
W42551 - Halex,w2b505,W2B505
TGB75-5V - BWF,w2b755,W2B755
W42571 - Halex,w2b755,W2B755
2B50-5 - Oribit,w2b505u,W2B505U
2B50-5-BR - Oribit,w2b505uab,W2B505UAB
2B50-5-W - Oribit,w2b505uwh,W2B505UWH
2B75-5 - Oribit,w2b755u,W2B755U
2B75-5-BR - Oribit,w2b755uab,W2B755UAB
2B75-5-W - Oribit,w2b755uwh,W2B755UWH
TGB-55XV - BWF,w2b505x,W2B505X
2B50-5X - Oribit,w2b505x,W2B505X
TGB-75XV - BWF,w2b755x,W2B755X
2B75-5X - Oribit,w2b755x,W2B755X
DTB-5V - BWF,w2db505,W2DB505
2DB50-5 - Oribit,w2db505,W2DB505
DTB-75V - BWF,w2db755,W2DB755
2DB75-5 - Oribit,w2db755,W2DB755
DTB-100V - BWF,w2db1005,W2DB1005
2DB100-5 - Oribit,w2db1005,W2DB1005
TGB-56XV - BWF,w2b506x,W2B506X
2B50-6X - Oribit,w2b506x,W2B506X
TGB75-6XV - BWF,w2b756x,W2B756X
2B75-6X - Oribit,w2b756x,W2B756X
TGB-57V - BWF,w2b507u,W2B507U
2B50-7 - Oribit,w2b507u,W2B507U
TGB-77V - BWF,w2b757u,W2B757U
2B75-7 - Oribit,w2b757u,W2B757U
TGB-57XV - BWF,w2b507x,W2B507X
W42751 - Halex,w2b507x,W2B507X
2B50-7X - Oribit,w2b507x,W2B507X
W42753 - Halex,w2b507xab,W2B507XAB
W42752 - Halex,w2b507xwh,W2B507XWH
TGB-77XV - BWF,w2b757x,W2B757X
W42771 - Halex,w2b757x,W2B757X
2B75-7X - Oribit,w2b757x,W2B757X
DTB75-7XV - BWF,w2db757x,W2DB757X
2DB75-7X - Oribit,w2db757x,W2DB757X
DTB100-7XV - BWF,w2db1007,W2DB1007
2DB100-7X - Oribit,w2db1007,W2DB1007
TGB100-5XV - BWF,w2b1005x,W2B1005X
RB-5V - BWF,wrb505,WRB505
RB-5AV - BWF,wrb505ab,WRB505AB
W40551 - Halex,wrb505,WRB505
RB50-5 - Oribit,wrb505,WRB505
W40553 - Halex,wrb505ab,WRB505AB
RB50-5-BR - Oribit,wrb505ab,WRB505AB
RB-5WV - BWF,wrb505wh,WRB505WH
W40552 - Halex,wrb505wh,WRB505WH
RB50-5-W - Oribit,wrb505wh,WRB505WH
RB-7V - BWF,wrb755,WRB755
W40571 - Halex,wrb755,WRB755
RB75-5 - Oribit,wrb755,WRB755
EXR-1V - BWF,w1er,W1ER
TP7120 - Halex,w1er,W1ER
EXR-1 - Oribit,w1er,W1ER
EXR-1WV - BWF,w1erwh,W1ERWH
EXR-2V - BWF,w2er,W2ER
W42001 - Halex,w2er,W2ER
EXR-2 - Oribit,w2er,W2ER
EXR-2AV - BWF,w2erab,W2ERAB
EX-5V - BWF,wreb504,WREB504
W45451 - Halex,wreb504,WREB504
EXR50-4 - Oribit,wreb504,WREB504
W45453 - Halex,wreb504ab,WREB504AB
W45452 - Halex,wreb504wh,WREB504WH
BC-1V - BWF,w1c110s,W1C110S
1-BC-G - Oribit,w1c110s,W1C110S
BC-1AV - BWF,w1c110sab,W1C110SAB
1-BC-BR - Oribit,w1c110sab,W1C110SAB
BC-1WV - BWF,w1c110swh,W1C110SWH
1-BC-W - Oribit,w1c110swh,W1C110SWH
BC-1XV - BWF,w1c110b,W1C110B
BC-2V - BWF,w2c210b,W2C210B
2-BC-G - Oribit,w2c210b,W2C210B
BC-2AV - BWF,w2c210bab,W2C210BAB
2-BC-WH - Oribit,w2c210bab,W2C210BAB
RBC-4 - Oribit,wrc310b,WRC310B
1C-PO20 - Oribit,w1c114v,W1C114V
PO-17V - BWF,w1c116v,W1C116V
1C-PO30 - Oribit,w1c116v,W1C116V
PO-50V - BWF,w1c117v,W1C117V
1C-PO40 - Oribit,w1c117v,W1C117V
FC-71V - BWF,w1c118v,W1C118V
FC-71AV - BWF,w1c118vab,W1C118VAB
FC-71WV - BWF,w1c118vwh,W1C118VWH
FGV-1DCV - BWF,w1c119v,W1C119V
FGV-1DCAV - BWF,w1c119vab,W1C119VAB
1C-GV-BR - Oribit,w1c119vab,W1C119VAB
FGV-1DCWV - BWF,w1c119vwh,W1C119VWH
1C-GV-W - Oribit,w1c119vwh,W1C119VWH
1C-DV - Oribit,w1c120v,W1C120V
1C-DV-BR - Oribit,w1c120vab,W1C120VAB
1C-DV-W - Oribit,w1c120vwh,W1C120VWH
FC-71HV - BWF,w1c121h,W1C121H
1C-SH - Oribit,w1c121h,W1C121H
FC-71HAV - BWF,w1c121hab,W1C121HAB
FC-71HWV - BWF,w1c121hwh,W1C121HWH
FC-81V - BWF,w1c122h,W1C122H
FC-81AV - BWF,w1c122hab,W1C122HAB
1C-DH-BR - Oribit,w1c122hab,W1C122HAB
FC-81WV - BWF,w1c122hwh,W1C122HWH
1C-DH-W - Oribit,w1c122hwh,W1C122HWH
FG-1DCV - BWF,w1c123h,W1C123H
1C-GH - Oribit,w1c123h,W1C123H
FG-1DCAV - BWF,w1c123hab,W1C123HAB
1C-GH-BR - Oribit,w1c123hab,W1C123HAB
FG-1DCWV - BWF,w1c123hwh,W1C123HWH
1C-GH-W - Oribit,w1c123hwh,W1C123HWH
TPO-17V - BWF,w2c212,W2C212
TPO-50V - BWF,w2c213,W2C213
TPO-60V - BWF,w2c214,W2C214
FGV-261V - BWF,w2c215,W2C215
FGV-261AV - BWF,w2c215ab,W2C215AB
FGV-261WV - BWF,w2c215wh,W2C215WH
FGV-261V - BWF,w2c216,W2C216
FGV-261AV - BWF,w2c216ab,W2C216AB
FGV-261WV - BWF,w2c216wh,W2C216WH
GRC12 - Burndy,oe-1-2,OE-1/2
BGRC-48 - Ilsco,oe-1-2,OE-1/2
GRL5 - Burndy,oec58ldb,OEC58LDB
CGRC-58 - Ilsco,oe-5-8-db,OE-5/8 DB
CGRC-68 - Ilsco,oe-3-4-db,OE-3/4 DB
BGC-4/0P-DB - Ilsco,22313,22313
GD1829 - Burndy,50075dh,50075DH
GU-12 - Ilsco,50075dh,50075DH
CL50-1TN - Burndy,50041cdbt,50041CDBT
GBL-4DBT - Ilsco,50041cdbt,50041CDBT
2C-2G-BR - Oribit,w2c217ab,W2C217AB
2C-2G-W - Oribit,w2c217wh,W2C217WH
2C-2S - Oribit,w2c218,W2C218
FC-281V - BWF,w2c218,W2C218
2C-2S-BR - Oribit,w2c218ab,W2C218AB
2C-SD - Oribit,w2c219,W2C219
FC-291V - BWF,w2c219,W2C219
2C-2D - Oribit,w2c220,W2C220
FC-261V - BWF,w2c220,W2C220
FC-261AV - BWF,w2c220ab,W2C220AB
2C-2D-BR - Oribit,w2c220ab,W2C220AB
2C-2D-W - Oribit,w2c220wh,W2C220WH
TP7228 - BWF,w1c122t,W1C122T
TP7230 - BWF,w1c122tab,W1C122TAB
TP7230 - Oribit,w1c122tab,W1C122TAB
TP7229 - Oribit,w1c122twh,W1C122TWH
TS-2V - BWF,w2c223t,W2C223T
FGV-TS1V - BWF,w2c226t,W2C226T
BGV - BWF,w1g,W1G
G-1 - Oribit,w1g,W1G
TGBG - BWF,w2g,W2G
G-2 - Oribit,w2g,W2G
RGB - BWF,wrg,WRG
PL-5/4V - BWF,w12cp050,W12CP050
PL-50 - Oribit,w12cp050,W12CP050
PL-75/4V - BWF,w12cp075,W12CP075
PL/10/4V - BWF,w12cp100,W12CP100
D167-14 - Ilsco,22423,22423
BDTIBB - Burndy,oec-ibtb,OEC-IBTB
KC17 - Burndy,oec-2l,OEC-2L
SPSL-1 - Ilsco,oec-2l,OEC-2L
KC20 - Burndy,oec-3l,OEC-3L
SPSL-2 - Ilsco,oec-3l,OEC-3L
KC23 - Burndy,oec-5l,OEC-5L
SPSL-4 - Ilsco,oec-5l,OEC-5L
KC26 - Burndy,oec-7l,OEC-7L
K2C20 - Burndy,oec-23l,OEC-23L
SPDL-2 - Ilsco,oec-23l,OEC-23L
K2C22 - Burndy,oec-24l,OEC-24L
SPDL-3 - Ilsco,oec-24l,OEC-24L
K2C26 - Burndy,oec-27l,OEC-27L
K2C28 - Burndy,oec-29l,OEC-29L
YGHC29C29 - Burndy,24105,24105
ELT-3 - Ilsco,24105,24105
YGHC29C26 - Burndy,24104,24104
ELT-5 - Ilsco,24104,24104
YGHC26C26 - Burndy,24103,24103
ELT-2 - Ilsco,24103,24103
YGHC2C2 - Burndy,24101,24101
ELT-1 - Ilsco,24101,24101
YGHP34C34 - Burndy,23160,23160
GGC-8 - Ilsco,23160,23160
YGHP34C29 - Burndy,23159,23159
GGC-7 - Ilsco,23159,23159
YGHP34C26 - Burndy,23158,23158
GGC-6 - Ilsco,23158,23158
YGHP34C2 - Burndy,23157,23157
GGC-5 - Ilsco,23157,23157
650S - Eaton,fs151,FS151
2902 - Raco,fs151,FS151
651S - Eaton,fs152,FS152
2903 - Raco,fs152,FS152
652 - Eaton,fs153,FS153
2904 - Burndy,fs153,FS153
653 - Eaton,fs154,FS154
2905 - Raco,fs154,FS154
654 - Eaton,fs155,FS155
2906 - Burndy,fs155,FS155
655 - Eaton,fs156,FS156
2908 - Raco,fs156,FS156
656 - Eaton,fs157,FS157
2940 - Raco,fs157,FS157
657 - Eaton,fs158,FS158
2942 - Raco,fs158,FS158
658 - Eaton,fs159,FS159
2944 - Raco,fs159,FS159
659 - Eaton,fs160,FS160
2946 - Raco,fs160,FS160
1650 - Eaton,fsi151,FSI151
2912 - Raco,fsi151,FSI151
1651 - Eaton,fsi152,FSI152
2913 - Raco,fsi152,FSI152
1652 - Eaton,fsi153,FSI153
2914 - Raco,fsi153,FSI153
1653 - Eaton,fsi154,FSI154
2915 - Raco,fsi154,FSI154
1654 - Eaton,fsi155,FSI155
2916 - Raco,fsi155,FSI155
1655 - Eaton,fsi156,FSI156
2918 - Raco,fsi156,FSI156
1656 - Eaton,fsi157,FSI157
2960 - Raco,fsi157,FSI157
1657 - Eaton,fsi158,FSI158
2962 - Raco,fsi158,FSI158
1658 - Eaton,fsi159,FSI159
2964 - Raco,fsi159,FSI159
1659 - Eaton,fsi160,FSI160
2966 - Raco,fsi160,FSI160
650RT - Eaton,fsrt151,FSRT151
2902RT - Raco,fsrt151,FSRT151
651RT - Eaton,fsrt152,FSRT152
2903RT - Raco,fsrt152,FSRT152
652RT - Eaton,fsrt153,FSRT153
653RT - Eaton,fsrt154,FSRT154
2904RT - Raco,fsrt153,FSRT153
654RT - Eaton,fsrt155,FSRT155
2906RT - Raco,fsrt155,FSRT155
655RT - Eaton,fsrt156,FSRT156
2908RT - Raco,fsrt156,FSRT156
656RT - Eaton,fsrt157,FSRT157
2940RT - Raco,fsrt157,FSRT157
657RT - Eaton,fsrt158,FSRT158
2942RT - Raco,fsrt158,FSRT158
658RT - Eaton,fsrt159,FSRT159
659RT - Eaton,fsrt160,FSRT160
2946RT - Raco,fsrt160,FSRT160
2944RT - Raco,fsrt159,FSRT159
1650RT - Eaton,fsirt151,FSIRT151
2912RT - Raco,fsirt151,FSIRT151
1651RT - Eaton,fsirt152,FSIRT152
2913RT - Raco,fsirt152,FSIRT152
1652RT - Eaton,fsirt153,FSIRT153
2914RT - Raco,fsirt153,FSIRT153
1653RT - Eaton,fsirt154,FSIRT154
2915RT - Raco,fsirt154,FSIRT154
1654RT - Eaton,fsirt155,FSIRT155
2916RT - Raco,fsirt155,FSIRT155
1655RT - Eaton,fsirt156,FSIRT156
2918RT - Raco,fsirt156,FSIRT156
1656RT - Eaton,fsirt157,FSIRT157
2960RT - Raco,fsirt157,FSIRT157
1657RT - Eaton,fsirt158,FSIRT158
2962RT - Raco,fsirt158,FSIRT158
1658RT - Eaton,fsirt159,FSIRT159
2964RT - Raco,fsirt159,FSIRT159
1659RT - Eaton,fsirt160,FSIRT160
2966RT - Raco,fsirt160,FSIRT160
660S - Eaton,fs611,FS611
2922 - Raco,fs611,FS611
661S - Eaton,fs612,FS612
2923 - Raco,fs612,FS612
662 - Eaton,fs613,FS613
2924 - Raco,fs613,FS613
663 - Eaton,fs614,FS614
2925 - Raco,fs614,FS614
664 - Eaton,fs615,FS615
2926 - Raco,fs615,FS615
665 - Eaton,fs616,FS616
666 - Eaton,fs617,FS617
2950 - Raco,fs617,FS617
667 - Eaton,fs618,FS618
668 - Eaton,fs619,FS619
2954 - Raco,fs619,FS619
660RT - Eaton,fsrt611,FSRT611
2922RT - Raco,fsrt611,FSRT611
661RT - Eaton,fsrt612,FSRT612
2923RT - Raco,fsrt612,FSRT612
662RT - Eaton,fsrt613,FSRT613
2924RT - Raco,fsrt613,FSRT613
663RT - Eaton,fsrt614,FSRT614
2925RT - Raco,fsrt614,FSRT614
664RT - Eaton,fsrt615,FSRT615
2926RT - Raco,fsrt615,FSRT615
665RT - Eaton,fsrt616,FSRT616
2928RT - Raco,fsrt616,FSRT616
666RT - Eaton,fsrt617,FSRT617
2950RT - Raco,fsrt617,FSRT617
667RT - Eaton,fsrt618,FSRT618
2952RT - Raco,fsrt618,FSRT618
668RT - Eaton,fsrt619,FSRT619
2954RT - Raco,fsrt619,FSRT619
669RT - Eaton,fsrt620,FSRT620
2956RT - Raco,fsrt620,FSRT620
450S - Eaton,fs131,FS131
2002 - Raco,fs131,FS131
451 - Eaton,fs132,FS132
2003 - Burndy,fs132,FS132
2004 - Raco,fs133,FS133
453 - Eaton,fs134,FS134
2005 - Raco,fs134,FS134
454 - Eaton,fs135,FS135
2006 - Raco,fs135,FS135
455 - Eaton,fs136,FS136
2008 - Burndy,fs136,FS136
456 - Eaton,fs137,FS137
2140 - Raco,fs137,FS137
457 - Eaton,fs138,FS138
2142 - Raco,fs138,FS138
458 - Eaton,fs139,FS139
2144 - Raco,fs139,FS139
459 - Eaton,fs140,FS140
2146 - Raco,fs140,FS140
1450 - Eaton,fsi131,FSI131
2122 - Raco,fsi131,FSI131
2123 - Raco,fsi131,FSI131
1452 - Eaton,fsi133,FSI133
2124 - Raco,fsi133,FSI133
1453 - Eaton,fsi134,FSI134
2125 - Raco,fsi134,FSI134
1454 - Eaton,fsi135,FSI135
2126 - Raco,fsi135,FSI135
1455 - Eaton,fsi136,FSI136
2128 - Raco,fsi136,FSI136
1456 - Eaton,fsi137,FSI137
2160 - Raco,fsi137,FSI137
1457 - Eaton,fsi138,FSI138
2162RAC - Raco,fsi138,FSI138
1458 - Eaton,fsi139,FSI139
2164 - Raco,fsi139,FSI139
1459 - Eaton,fsi140,FSI140
2166 - Raco,fsi140,FSI140
460 - Eaton,fs141,FS141
2022 - Raco,fs141,FS141
461 - Eaton,fs142,FS142
2023 - Raco,fs142,FS142
462 - Eaton,fs143,FS143
2024 - Raco,fs143,FS143
463 - Eaton,fs144,FS144
2025 - Raco,fs144,FS144
464 - Eaton,fs145,FS145
2026 - Raco,fs145,FS145
465 - Eaton,fs146,FS146
2028 - Burndy,fs146,FS146
466 - Eaton,fs147,FS147
2150 - Raco,fs147,FS147
467 - Eaton,fs148,FS148
2152 - Raco,fs148,FS148
468 - Eaton,fs149,FS149
2154 - Raco,fs149,FS149
469 - Eaton,fs150,FS150
2156 - Raco,fs150,FS150
11X - Eaton,fs181,FS181
1192 - Burndy,fs181,FS181
12X - Eaton,fs182,FS182
1193 - Burndy,fs182,FS182
13X - Eaton,fs183,FS183
1194 - Raco,fs183,FS183
14X - Eaton,fs184,FS184
1195 - Raco,fs184,FS184
15X - Eaton,fs185,FS185
1196 - Raco,fs185,FS185
16X - Eaton,fs186,FS186
1198 - Raco,fs186,FS186
17X - Eaton,fs187,FS187
1197 - Raco,fs187,FS187
18X - Eaton,fs188,FS188
1199 - Raco,fs188,FS188
19X - Eaton,fs189,FS189
1200 - Raco,fs189,FS189
20X - Eaton,fs190,FS190
1201 - Raco,fs190,FS190
RC50 - Eaton,f41,F41
RC75 - Eaton,f42,F42
RC100 - Eaton,f43,F43
RC125 - Eaton,f44,F44
RC50 - Eaton,f45,F45
RC200 - Eaton,f46,F46
RC250 - Eaton,f47,F47
RC300 - Eaton,f48,F48
RC350 - Eaton,f49,F49
RC400 - Eaton,f50,F50
RC500 - Eaton,f50-1,F50-1
RC600 - Eaton,f50-2,F50-2
1031DC - Eaton,f201,F201
1032DC - Eaton,f202,F202
1033DC - Eaton,f203,F203
1034DC - Eaton,f204,F204
1035DC - Eaton,f205,F205
1036DC - Eaton,f206,F206
1037DC - Eaton,f207,F207
1038DC - Eaton,f208,F208
1039DC - Eaton,f209,F209
1040DC - Eaton,f210,F210
H1031DC - Eaton,f211,F211
H1032DC - Eaton,f212,F212
H1033DC - Eaton,f213,F213
H1034DC - Eaton,f214,F214
H1035DC - Eaton,f215,F215
H1036DC - Eaton,f216,F216
H1037DC - Eaton,f217,F217
H1038DC - Eaton,f218,F218
H1039DC - Eaton,f219,F219
H1040DC - Eaton,f220,F220
GLL10 DC - Eaton,fz240,FZ240
GLL9DC - Eaton,fz239,FZ239
GLL8 DC - Eaton,fz238,FZ238
GLL7 DC - Eaton,fz237,FZ237
GLL6 DC - Eaton,fz236,FZ236
GLL5 DC - Eaton,fz235,FZ235
GLL4 DC - Eaton,fz234,FZ234
GLL3 DC - Eaton,fz233,FZ233
1264DC - Raco,fz233,FZ233
GLL2 DC - Eaton,fz232,FZ232
1263DC - Raco,fz232,FZ232
GLL1 DC - Eaton,fz231,FZ231
1262DC - Raco,fz231,FZ231
94180 - Morris,98057,98057
UC-143 - NSI,50079hd,50079HD
91748 - Morris,50079hd,50079HD
94031 - Morris,98010a,98010A
91771 - Morris,50073th,50073TH
5334-0 - Burndy,w2b505,W2B505
5372-0 - Burndy,wrb755,WRB755
5333-0 - Burndy,w2b503,W2B503
IT-1/0 - NSI,60003,60003
IT-3/0 - NSI,60004,60004
1PLD2502 - Burndy,60006,60006
IPBB-NA250-2D - Penn Union,60006,60006
1PLD3502 - Ilsco,60007,60007
IPBB-NA350-2D - Ilsco,60007,60007
IPBB-NA750-2D - Penn Union,60010m,60010M
IT-750 - NSI,60010m,60010M
1PBS1/0 - Burndy,61001,61001
IISR-1/0 - Penn Union,61001,61001
IISR-250 - Penn Union,61002,61002
1PBS250 - Burndy,61002,61002
1PBS350 - Burndy,61003,61003
IISR-350 - Penn Union,61003,61003
1PBS500 - Burndy,61004,61004
IISR-500 - Penn Union,61004,61004
IISR-750 - Penn Union,61005,61005
IPBB-NA4-4S - Penn Union,62002,62002
1PL2503 - Burndy,62037,62037
IPBB-NA250-3S - Penn Union,62037,62037
IPBB-NA250-5S - Penn Union,62039,62039
IPBB-NA250-4S - Penn Union,62038,62038
IPBB-NA250-6S - Penn Union,62040,62040
IPBB-NA250-8S - Penn Union,62042,62042
IPBB-NA350-3S - Penn Union,62049,62049
IPBB-NA350-4S - Penn Union,62050,62050
IPBB-NA250-3D - Penn Union,63011,63011
IPBB-NA250-4D - Penn Union,63012,63012
IPB-NA250-6D - Penn Union,63014c,63014C
IPB-NA350-3D - Penn Union,63021c,63021C
IPB-NA350-4D - Penn Union,63022c,63022C
IPB-NA350-6D - Penn Union,63024c,63024C
IPB-NA350-8D - Penn Union,63026c,63026C
BIT4 - Burndy,60001c,60001C
IPB-NA4-2S - Penn Union,60001c,60001C
IT-4C - NSI,60001c,60001C
IPB-NA4-2D - Penn Union,60002c,60002C
ITD-4C - NSI,60002c,60002C
IT-1/0C - NSI,60003c,60003C
PBTO-1/0 - Ilsco,60003dz,60003DZ
IT-3/0C - NSI,60005c,60005C
IT-250C - NSI,60006ac,60006AC
ECTS-2-250 - Ilsco,60006ac,60006AC
IPB-NA250-2D - Penn Union,60006c,60006C
IT-250C - NSI,60006c,60006C
IPBB-NA350-2S - Penn Union,60007a,60007A
IT-350 - NSI,60007a,60007A
IPB-NA350-2D - Penn Union,60007c,60007C
IT-350C - NSI,60007c,60007C
IT-500C - NSI,60008c,60008C
1PLD6002 - Burndy,60009a,60009A
IPBB-NA600-2D - Penn Union,60009a,60009A
IT-750 - NSI,60010ac,60010AC
BISR1/0 - Burndy,61001c,61001C
IISR-1/0 - Penn Union,61001c,61001C
ISR-1/0C - NSI,61001c,61001C
BISR250 - Burndy,61002c,61002C
IISR-250 - Penn Union,61002c,61002C
ISR-250C - NSI,61002c,61002C
BISR350 - Burndy,61003c,61003C
IISR-350 - Penn Union,61003c,61003C
ISR-350C - NSI,61003c,61003C
BISR500 - Burndy,61004c,61004C
IISR-500 - Penn Union,61004c,61004C
ISR-500C - NSI,61004c,61004C
IISR-750 - Penn Union,61005c,61005C
ISRH-750C - NSI,61005c,61005C
BIBS4-3 - Burndy,62001c,62001C
IPB-NA4-3S - Penn Union,62001c,62001C
IPL4-3C - NSI,62001c,62001C
BIBS4-4 - Burndy,62002c,62002C
IPB-NA4-4S - Penn Union,62002c,62002C
IPL4-4C - NSI,62002c,62002C
IPL1/0-3C - NSI,62013c,62013C
1PL2/03 - Burndy,62025a,62025A
IPBB-NA2/0-3S - Penn Union,62025a,62025A
IPBB-NA2/0-4S - Penn Union,62026a,62026A
BIBS250-3 - Burndy,62037c,62037C
IPB-NA250-3S - Penn Union,62037c,62037C
IPL250-3C - NSI,62037c,62037C
BIBS250-4 - Burndy,62038c,62038C
IPB-NA250-4S - Penn Union,62038c,62038C
IPL250-4C - NSI,62038c,62038C
BIBS350-4 - Burndy,62050c,62050C
ECTS-5-350 - Ilsco,62051c,62051C
BIBS350-5 - Burndy,62051c,62051C
BIBS350-6 - Burndy,62052c,62052C
ECTS-6-350 - Ilsco,62052c,62052C
BIBS500-3 - Burndy,62061c,62061C
IPL500-3C - NSI,62061c,62061C
IPL600-3 - NSI,62073a,62073A
BIBS600-3 - Burndy,62073ac,62073AC
IPL600-4 - NSI,62074a,62074A
IPBB-NA600-5S - Penn Union,62075a,62075A
IPL600-6 - NSI,62076a,62076A
IPL600-8 - NSI,62078a,62078A
ECTD-3-4 - Ilsco,63001ac,63001AC
BIBD4-3 - Burndy,63001ac,63001AC
IPB-NA4-3D - Penn Union,63001ac,63001AC
IPLD4-3C - NSI,63001ac,63001AC
1PLD2/03 - Burndy,63001b,63001B
IPBB-NA2/0-3D - Penn Union,63001b,63001B
IPLD2/0-3 - NSI,63001b,63001B
BIBD2/0-3 - Burndy,63001bc,63001BC
IPB-NA2/0-3D - Penn Union,63001bc,63001BC
IPLD2/0-3C - NSI,63001bc,63001BC
ECTD-3-3/0 - Ilsco,63001c,63001C
IPLD3/0-3C - NSI,63001c,63001C
ECTD-4-4 - Ilsco,63002ac,63002AC
BIBD4-4 - Burndy,63002ac,63002AC
IPLD4-4C - NSI,63002ac,63002AC
1PLD2/04 - Burndy,63002b,63002B
IPBB-NA2/0-4D - Penn Union,63002b,63002B
IPLD2/0-4 - NSI,63002b,63002B
BIBD2/0-4 - Burndy,63002bc,63002BC
IPB-NA2/0-4D - Penn Union,63002bc,63002BC
IPLD2/0-4C - NSI,63002bc,63002BC
ECTD-4-3/0 - Ilsco,63002c,63002C
IPLD3/0-4C - NSI,63002c,63002C
PBTD-5-4 - Ilsco,63003a,63003A
IPLD4-5 - NSI,63003a,63003A
ECTD-5-4 - Ilsco,63003ac,63003AC
BIBD4-5 - Burndy,63003ac,63003AC
IPLD4-5C - NSI,63003ac,63003AC
IPBB-NA2/0-5D - Penn Union,63003b,63003B
IPLD2/0-5 - NSI,63003b,63003B
PBTD-6-4 - Ilsco,63004a,63004A
IPBB-NA4-6D - Penn Union,63004a,63004A
IPLD4-6 - NSI,63004a,63004A
1PLD2/06 - Burndy,63004b,63004B
IPBB-NA2/0-6D - Penn Union,63004b,63004B
IPLD2/0-6 - NSI,63004b,63004B
PBTD-8-4 - Ilsco,63006a,63006A
IPLD4-8 - NSI,63006a,63006A
IPBB-NA2/0-8D - Penn Union,63006b,63006B
IPLD2/0-8 - NSI,63006b,63006B
ECTD-3-250 - Ilsco,63011c,63011C
IPB-NA250-3D - Penn Union,63011c,63011C
IPLD250-3C - NSI,63011c,63011C
IPLD2/0-10 - NSI,63008b,63008B
ECTD-4-250 - Ilsco,63012c,63012C
IPB-NA250-4D - Penn Union,63012c,63012C
IPLD250-4C - NSI,63012c,63012C
IPLD2-3 - NSI,63013b,63013B
IPLD2-3C - NSI,63013bc,63013BC
ECTD-5-250 - Ilsco,63013c,63013C
BIBD250-5 - Burndy,63013c,63013C
IPLD250-5C - NSI,63013c,63013C
IPLD2-4 - NSI,63014b,63014B
ECTD-6-250 - Ilsco,63014c,63014C
IPLD250-6C - NSI,63014c,63014C
IPLD2-5 - NSI,63015b,63015B
IPLD250-7C - NSI,63015c,63015C
IPLD2-6 - NSI,63016b,63016B
ECTD-8-250 - Ilsco,63016c,63016C
BIBD250-8 - Burndy,63016c,63016C
IPLD250-8C - NSI,63016c,63016C
IPLD2-8 - NSI,63018b,63018B
ECTD-3-350 - Ilsco,63021c,63021C
IPLD350-3C - NSI,63021c,63021C
ECTD-4-350 - Ilsco,63022c,63022C
IPLD350-4C - NSI,63022c,63022C
ECTD-6-350 - Ilsco,63024c,63024C
IPLD350-6C - NSI,63024c,63024C
ECTD-8-350 - Ilsco,63026c,63026C
IPLD350-8C - NSI,63026c,63026C
BIBD500-3 - Burndy,63031c,63031C
IPLD500-3C - NSI,63031c,63031C
BIBD500-4 - Burndy,63032c,63032C
IPLD500-4C - NSI,63032c,63032C
BIBD500-5 - Burndy,63033c,63033C
IPLD500-5C - NSI,63033c,63033C
BIBD500-6 - Burndy,63034c,63034C
IPLD500-6C - NSI,63034c,63034C
IPLD500-7C - NSI,63035c,63035C
BIBD500-8 - Burndy,63036c,63036C
IPLD500-8C - NSI,63036c,63036C
ECTD-8-750 - Ilsco,63046c,63046C
IPLD750-8C - NSI,63046c,63046C
BIBD750-8 - Burndy,63046c,63046C
ECTD-6-750 - Ilsco,63044c,63044C
BIBD750-6 - Burndy,63044c,63044C
IPLD750-6C - NSI,63044c,63044C
1PLD6003 - Burndy,63041b,63041B
IPBB-NA600-3D - Penn Union,63041b,63041B
IPLD600-3 - NSI,63041b,63041B
BIBD600-3 - Burndy,63041bc,63041BC
IPB-NA600-3D - Penn Union,63041bc,63041BC
IPLD600-3C - NSI,63041bc,63041BC
ECTD-3-750 - Ilsco,63041c,63041C
BIBD750-3 - Burndy,63041c,63041C
IPLD750-3C - NSI,63041c,63041C
1PLD6004 - Burndy,63042b,63042B
IPBB-NA600-4D - Penn Union,63042b,63042B
IPLD600-4 - NSI,63042b,63042B
BIBD600-4 - Burndy,63042bc,63042BC
IPB-NA600-4D - Penn Union,63042bc,63042BC
IPLD600-4C - NSI,63042bc,63042BC
ECTD-4-750 - Ilsco,63042c,63042C
BIBD750-4 - Burndy,63042c,63042C
IPLD750-4C - NSI,63042c,63042C
1PLD6005 - Burndy,63043b,63043B
IPBB-NA600-5D - Penn Union,63043b,63043B
IPLD600-5 - NSI,63043b,63043B
ECTD-5-750 - Ilsco,63043c,63043C
BIBD750-5 - Burndy,63043c,63043C
IPLD750-5C - NSI,63043c,63043C
1PLD6006 - Burndy,63044b,63044B
IPBB-NA600-6D - Burndy,63044b,63044B
IPLD600-6 - NSI,63044b,63044B
BIBD600-6 - Burndy,63044bc,63044BC
IPB-NA600-6D - Penn Union,63044bc,63044BC
IPLD600-6C - NSI,63044bc,63044BC
1PLD6008 - Burndy,63046b,63046B
IPBB-NA600-8D - Penn Union,63046b,63046B
IPLD600-8 - NSI,63046b,63046B
BIBD600-8 - Burndy,63046bc,63046BC
IPB-NA600-8D - Penn Union,63046bc,63046BC
IPLD600-8C - NSI,63046bc,63046BC
IPBB-NA350-8S - Penn Union,62054,62054
IPBB-NA600-10D - Penn Union,63048b,63048B
IPLD600-10 - NSI,63048b,63048B
IPBB-NA600-12D - Penn Union,63050b,63050B
IPLD600-12 - NSI,63050b,63050B
IPBBM-NA600-2D - Penn Union,60009am,60009AM
IPL1/0-4C - NSI,62014c,62014C
IPL3/0-3C - NSI,62025c,62025C
IPBB-NA2/0-5S - Penn Union,62027a,62027A
BIBS2/0-5 - Burndy,62027ac,62027AC
IPB-NA2/0-5S - Penn Union,62027ac,62027AC
IPL2/0-5C - NSI,62027ac,62027AC
IPBB-NA2/0-6S - Penn Union,62028a,62028A
IPBB-NA2/0-8S - Penn Union,62030a,62030A
IPL2/0-8 - NSI,62030a,62030A
BIBS350-3 - Burndy,62049c,62049C
IPB-NA350-3S - Penn Union,62049c,62049C
IPL350-3C - NSI,62049c,62049C
BIBS500-4 - Burndy,62062c,62062C
IPL500-4C - NSI,62062c,62062C
ECTS-8-500 - Ilsco,62066c,62066C
BIBS500-8 - Burndy,62066c,62066C
IPL500-8C - NSI,62066c,62066C
BIBS750-3 - Burndy,62073c,62073C
IPB-NA750-3S - Penn Union,62073c,62073C
IPL750-3C - NSI,62073c,62073C
BIBD2/0-5 - Burndy,63003bc,63003BC
IPLD2/0-5C - NSI,63003bc,63003BC
IPB-NA2/0-5D - Penn Union,63003bc,63003BC
ECTD-6-4 - Ilsco,63004ac,63004AC
BIBD4-6 - Burndy,63004ac,63004AC
IPLD4-6C - NSI,63004ac,63004AC
BIBD2/0-6 - Burndy,63004bc,63004BC
IPB-NA2/0-6D - Penn Union,63004bc,63004BC
IPLD2/0-6C - NSI,63004bc,63004BC
ECTD-6-3/0 - Ilsco,63004c,63004C
IPLD3/0-6C - NSI,63004c,63004C
IPLD350-5C - NSI,63023c,63023C
ECTD-5-350 - Ilsco,63023c,63023C
BIBD350-5 - Burndy,63023c,63023C
BIBD2/0-8 - Burndy,63006bc,63006BC
IPB-NA2/0-8D - Penn Union,63006bc,63006BC
IPLD2/0-8C - NSI,63006bc,63006BC
IPLD2/0-7 - NSI,63005b,63005B
ECTD-7-350 - Ilsco,63025c,63025C
IPLD350-7C - NSI,63025c,63025C
ECTD-7-750 - Ilsco,63045c,63045C
IPLD750-7C - NSI,63045c,63045C
ECTD-10-750 - Ilsco,63048c,63048C
BIBD750-10 - Burndy,63048c,63048C
IPLD750-10C - NSI,63048c,63048C
IPBBM-NA2/0-3D - Penn Union,65001b,65001B
IPBBM-NA600-3D - Penn Union,65041b,65041B
IPBBM-NA600-4D - Penn Union,65042b,65042B
IPLMD600-4 - NSI,65042b,65042B
IPLMD600-3 - NSI,65041b,65041B
AL6-14 - NSI,98502,98502
AL4-38 - NSI,98507,98507
AL2-14 - NSI,98508,98508
ALNS-2-38 - Ilsco,98510,98510
AL2-38 - NSI,98510,98510
ALNS-1-38 - Ilsco,98513,98513
AL1/0-38 - NSI,98516,98516
ALNS-1/0-12 - Ilsco,98517,98517
AL1/0-48 - NSI,98517,98517
AL2/0-38 - NSI,98520,98520
AL2/0-48 - NSI,98521,98521
AL3/0-38 - NSI,98524,98524
AL3/0-48 - NSI,98525,98525
AL4/0-38 - NSI,98528,98528
AL4/0-48 - NSI,98529,98529
ALNS-250-38 - Ilsco,98530,98530
AL250-48 - NSI,98531,98531
ALNS-300-38 - Ilsco,98532,98532
AL300-48 - NSI,98533,98533
AL350-48 - NSI,98535,98535
ALNS-500-58 - Ilsco,98540,98540
AL500-58 - NSI,98540,98540
ALNS-600-58 - Ilsco,98542,98542
AL600-58 - NSI,98542,98542
ALNS-700/750-12 - Ilsco,98543,98543
AL750-48 - NSI,98543,98543
AL1/0N - NSI,98546,98546
YA26A3 - Burndy,98547,98547
AL2/0N - NSI,98547,98547
ALND-3/0-12-134 - Ilsco,98548,98548
AL3/0N - NSI,98548,98548
AL4/0N - NSI,98549,98549
AL250N - NSI,98550,98550
AL300N - NSI,98551,98551
AL350N - NSI,98552,98552
AL400N - NSI,98553,98553
BBLU-100D1 - Penn Union,98110b,98110B
L1000N - NSI,98110b,98110B
L40N-383 - NSI,98101c,98101C
L40N-142 - NSI,98101a,98101A
BBLU-3/0D - Penn Union,98100a,98100A
L30N - NSI,98100a,98100A
L30N-38 - NSI,98099a,98099A
L2N-141 - NSI,98088b,98088B
BBLU-2D-2TC38 - Penn Union,98088a,98088A
L2N-38 - NSI,98088a,98088A
L4N-38 - NSI,98086a,98086A
BBLU-6DN - Penn Union,98085b,98085B
L6N - NSI,98085b,98085B
L6N-142 - NSI,98085c,98085C
L4038 - NSI,98073a,98073A
BBLU-3/0S2 - Penn Union,98072a,98072A
L3038 - NSI,98072a,98072A
BBLU-2/0S1 - Penn Union,98071a,98071A
L2048 - NSI,98071a,98071A
L1048 - NSI,98070a,98070A
L214 - NSI,98067b,98067B
L138 - NSI,98068a,98068A
BBLU-2S4 - Penn Union,98067a,98067A
L238 - NSI,98067a,98067A
L338 - NSI,98066g,98066G
GL60048 - NSI,98042a,98042A
GL75048 - NSI,98043a,98043A
GL35038 - NSI,98036a,98036A
GL1048 - NSI,98019a,98019A
GL338 - NSI,98010d,98010D
GL638 - NSI,98005a,98005A
C-600 - NSI,98141,98141
C-500 - NSI,98140,98140
C-400 - NSI,98139,98139
C-350 - NSI,98138,98138
C-300 - NSI,98137,98137
C-250 - NSI,98136,98136
C-4/0 - NSI,98135,98135
C-3/0 - NSI,98134,98134
C-2/0 - NSI,98133,98133
C-1/0 - NSI,98132,98132
C-1 - NSI,98131,98131
C2 - NSI,98130,98130
C-6 - NSI,98128,98128
SC-500 - NSI,98124,98124
SC-4/0 - NSI,98119,98119
SC-3/0 - NSI,98118,98118
ASL-250 - Ilsco,osa250,OSA250
ASA250U - Burndy,osa250,OSA250
ASA800U - Burndy,osa800,OSA800
ASL-750 - Ilsco,osa800,OSA800
OSA1000 - Burndy,osa1000,OSA1000
SL 40N - NSI,98102sl,98102SL
SL 250N - NSI,98104sl,98104SL
SL 350N - NSI,98106sl,98106SL
SL 500N - NSI,98108sl,98108SL
SL 750N - NSI,98110sl,98110SL
